ID	B_IN	B_Mem	Plasma	CD4_ET	CD4_NC	CD4_SOX4	CD8_ET	CD8_NC	CD8_S100B	DC1	Mono_C	Mono_NC	NK	NK_R
ENSGEXAMPLE001-rs000001	-0.075257718	0.1083361849	-0.210852774	0.1296320087	0.0682950677	-0.1091288174	0.2790645099	-0.237936925	0.3725882849	-0.6094615193	0.406462611	-0.3042060346	0.0656391942	0.3898074073
ENSGEXAMPLE002-rs000002	0.312389976	0.2589279064	-0.181482125	0.3080546528	0.1639401523	0.1322776404	-0.3077804744	0.254260579	0.0388594238	0.2632890736	0.4409524982	0.0249942807	0.0656268948	-0.0696457327
ENSGEXAMPLE003-rs000003	0.031136807	-0.0233379281	-0.051936117	-0.5229452184	0.250350028	-0.4630149084	0.3046994688	0.205780335	-0.1354808747	-0.216279262	-0.2933407524	-0.0473006681	0.0971767709	0.2262937657
ENSGEXAMPLE004-rs000004	-0.022625718	-0.0194447217	0.135066531	0.0204488536	0.1095162815	0.0859210657	-0.2376204167	-0.255314999	-0.5080919858	0.039289549	-0.2487049635	-0.0973964546	0.2971319974	-0.1611139583
ENSGEXAMPLE005-rs000005	-0.198039258	-0.1670417028	-0.482328237	-0.2209005737	0.1851391888	0.3768183879	-0.1848736438	0.300138824	0.3109220583	-0.0992720302	0.1623104337	0.234104766	0.1256831325	0.3194905806
ENSGEXAMPLE006-rs000006	-0.234001659	0.0594233123	0.24267626	-0.1902010706	-0.0367105766	0.1274189533	0.2159159046	0.067514505	0.1083048057	0.0027607708	-0.102065589	-0.3672197517	-0.1418969678	0.0688446806
ENSGEXAMPLE007-rs000007	0.581287995	0.0008308593	-0.094195675	-0.2232679666	-0.2266084807	0.1640153462	-0.6492327759	-0.016166483	0.2309736387	-0.2090022953	-0.1714239413	0.0578414109	-0.0985482874	-0.4129065968
ENSGEXAMPLE008-rs000008	0.104137595	-0.2816866769	-0.182359609	-0.0373717644	0.2524661459	0.2223322622	-0.1162320827	0.182247941	0.2973471585	0.3090636586	-0.1323892654	0.4947313197	0.1229780457	-0.1822065979
ENSGEXAMPLE009-rs000009	0.254588253	0.0608618826	-0.314703377	-0.1710981604	0.2472699902	0.3910705526	0.1008649288	0.313085153	0.3934438794	-0.0273971664	-0.1179055628	-0.1517437594	0.0897392459	0.0690850149
ENSGEXAMPLE010-rs000010	-0.03280795	-0.2806395327	-0.213830487	0.3380071333	-0.164877244	-0.106243795	-0.5443022143	-0.254954683	-0.0398591392	0.1968219897	0.1685821751	-0.4834271231	-0.1746490559	0.1349719383
ENSGEXAMPLE011-rs000011	-0.24122317	0.062453211	-0.057709957	-0.2639546592	-0.0999473147	0.3745495012	-0.0436000464	0.168328263	-0.2439795009	-0.0906049749	-0.224944305	-0.0715905244	0.1828855956	-0.177543216
ENSGEXAMPLE012-rs000012	-0.094613828	0.0557421436	-0.262793404	0.2198594417	-0.1132835472	-0.2346683674	0.3377252689	-0.283046752	-0.1374386003	0.1005798951	-0.2340993097	0.0895177253	-0.269249541	0.2617955566
ENSGEXAMPLE013-rs000013	-0.330539811	-0.0146245922	0.262455501	0.3566826906	-0.1906041787	-0.089434963	-0.0111288152	0.100121038	-0.0113983738	-0.2797964086	-0.5123543424	-0.0084755225	0.3070276694	0.182541468
ENSGEXAMPLE014-rs000014	0.069804	0.0403543437	-0.042503368	-0.0775693557	0.223990609	0.1908671876	0.2226912686	-0.12943311	0.3021039799	-0.2030037714	0.3999517417	0.0280414342	0.6132180169	-0.2116164819
ENSGEXAMPLE015-rs000015	-0.064759968	0.1949610165	0.192696484	0.518045636	-0.2773041193	-0.095608786	0.2651976343	0.043789703	0.027090117	0.0291844132	0.2358990654	0.5041203687	-0.3680074583	-0.6219718884
ENSGEXAMPLE016-rs000016	-0.026653703	0.174872658	0.028772031	0.1599819778	-0.3040029809	0.3626346473	-0.0896315375	0.209355745	-0.1084027433	0.0753479202	-0.1548802769	-0.2304722048	-0.2726861177	0.2021717093
ENSGEXAMPLE017-rs000017	0.574111799	0.0050854909	-0.213011574	-0.0323648173	0.3270598868	0.1380444754	0.2330912726	0.351882895	0.1642250176	-0.0708585613	0.0065461943	-0.2251038783	0.1645260369	0.3668176997
ENSGEXAMPLE018-rs000018	0.483136492	-0.0175145905	-0.06098921	0.2582042974	-0.3091854684	-0.2457395358	-0.1647102468	-0.236724504	-0.0313640412	0.3090232613	-0.2215868215	0.0331546476	0.093768541	-0.213510632
ENSGEXAMPLE019-rs000019	0.106104573	0.024238233	0.362231574	-0.0216435632	-0.1289430922	-0.2363584794	0.0602375101	-0.217421793	0.1911532268	-0.0005129649	-0.0849606379	0.1072769907	0.0801065998	-0.176697256
ENSGEXAMPLE020-rs000020	-0.178039339	0.0611178042	0.001994886	-0.2212406412	0.2711254262	0.2181981418	0.0101320133	0.249935616	-0.1923312417	-0.1528691782	0.0741767786	-0.0127558096	0.3589463429	0.2785651362
ENSGEXAMPLE021-rs000021	-0.233613661	0.1270391833	-0.331767353	-0.1570177022	0.6012321561	-0.1460699973	0.1289757786	0.015846365	-0.2090443939	0.1349030744	0.1328141975	0.0268377096	-0.1919674892	0.0340237783
ENSGEXAMPLE022-rs000022	0.065920076	0.344895373	-0.075163004	-0.5615135903	0.0742630909	-0.0765197517	-0.1389646906	0.060695561	-0.0966511796	-0.1919786003	-0.3484004381	0.1782160745	0.1839907151	0.0504873641
ENSGEXAMPLE023-rs000023	-0.077464479	-0.0061482911	-0.537844334	-0.3578494576	-0.5356658741	-0.0806650694	0.2712588504	-0.292719273	0.1556180186	0.3333395223	0.5099798432	0.0291464396	-0.1155834461	0.059259647
ENSGEXAMPLE024-rs000024	0.283154859	0.5301561668	-0.25869315	0.2452764717	0.0905925678	0.1419866264	0.4718876397	0.031621435	0.2813737474	0.1421117178	0.2324405554	0.144291564	0.1882534098	0.1573101757
ENSGEXAMPLE025-rs000025	-0.538478946	0.1601546606	0.006348375	0.4280709756	-0.2037502136	-0.1750912899	0.0934338568	0.096105044	0.1104201285	-0.0205625715	-0.2531913778	-0.338387203	0.1825717056	0.0656189567
ENSGEXAMPLE026-rs000026	0.075243597	-0.0587422327	-0.119521222	-0.1069333758	0.0632069867	0.2969535445	-0.031846731	-0.203328854	-0.0738015022	0.0139795971	0.0933075076	0.4957828194	0.1709894778	0.4639340029
ENSGEXAMPLE027-rs000027	0.108110571	0.2140281678	-0.053090564	0.1091938823	0.0626437874	0.1580776755	-0.0370461752	0.131104526	-0.1443016156	-0.1016820939	-0.496792037	-0.0409412594	0.1543460578	0.1777092982
ENSGEXAMPLE028-rs000028	-0.32154971	0.2845836105	0.19173973	-0.0113893795	-0.0917524297	0.1521286539	0.0391028097	0.088666067	-0.095803058	-0.0341234938	-0.2399505153	0.015688619	0.360246071	0.272607267
ENSGEXAMPLE029-rs000029	0.336037303	0.0707146628	-0.40774355	0.1845318128	0.0959683972	0.020704319	0.0776484486	0.177937684	0.3549901111	0.2608015231	0.2978243511	0.2110507832	0.2000645689	-0.1151346642
ENSGEXAMPLE030-rs000030	-0.27710295	0.4312617122	0.232071556	-0.0445571034	0.1226940742	-0.023169785	-0.3759331914	0.216069903	0.1945518299	-0.7910409505	0.1461946324	0.1057859371	0.6450379253	0.2425712222
ENSGEXAMPLE031-rs000031	0.231999436	0.1134463891	0.376017604	0.0747501083	-0.0019075352	0.0901492604	0.4226537471	-0.218163388	-0.0887017877	-0.5745065483	-0.4618474667	0.0255976656	-0.098629028	-0.1712520803
ENSGEXAMPLE032-rs000032	0.353535983	0.0530872751	-0.249512037	0.6476475088	-0.2515200508	-0.3042393125	0.0666282547	0.524058286	-0.0910394602	0.2995489169	-0.1172547947	0.0770642716	-0.1729582463	-0.4074647895
ENSGEXAMPLE033-rs000033	-0.491989162	0.3315056498	-0.164009974	-0.1171224804	0.0633973516	0.3357691214	0.1266241855	0.08163169	-0.2921858627	0.064518011	0.2474316269	0.3199343715	-0.2675334314	-0.1523103378
ENSGEXAMPLE034-rs000034	-0.039832077	0.1406037135	-0.35949134	-0.13542532	0.1966260771	0.5148568796	-0.0639289839	0.119219905	-0.0171604403	0.2096176436	-0.4021952905	0.2503790521	0.1541072218	0.009534155
ENSGEXAMPLE035-rs000035	-0.508186989	-0.4989892863	-0.35214219	-0.3593833951	-0.3168991401	0.1911873149	-0.1081634039	0.206830964	0.1578167886	0.0821981658	-0.3749095261	0.1192512872	0.0014737029	-0.611511031
ENSGEXAMPLE036-rs000036	0.064799548	-0.1646488505	0.039637171	-0.0717375668	0.0665296161	-0.1234177119	-0.0836036186	0.202214981	0.2976861753	-0.3365007703	0.5105352829	-0.1250890048	0.1635156305	0.5018219389
ENSGEXAMPLE037-rs000037	0.112522152	-0.0323593415	0.732602919	0.1611742639	-0.032936208	-0.2407560355	0.0882185467	0.209346464	0.4480792433	-0.3945562423	-0.2461007017	-0.0354265783	-0.2282458128	0.2068334264
ENSGEXAMPLE038-rs000038	0.152566726	0.1577253327	0.019876014	-0.0953190389	-0.113830876	0.0429162449	0.101062744	0.065968094	-0.1840898471	-0.0958325708	-0.0379053817	0.0829184978	-0.2554471325	-0.2258335324
ENSGEXAMPLE039-rs000039	0.092430995	0.2800583935	0.011187515	-0.2936997047	0.2672381828	0.3017697886	-0.3380369446	-0.061580563	-0.0830045814	0.1612834539	0.0576582239	0.0034626902	0.3547047005	0.05551662
ENSGEXAMPLE040-rs000040	0.040606741	0.3626195104	0.137689722	0.176414061	0.0011314916	-0.0299103564	-0.0802365117	-0.944725403	-0.283557903	0.1849993857	-0.3267429827	-0.2266380399	-0.0420380278	0.2593958881
ENSGEXAMPLE041-rs000041	-0.419905187	-0.0985704762	0.129394234	0.1052416225	-0.1493436911	0.2772210712	0.3821332458	-0.008820848	-0.4977187227	-0.2834691158	-0.3547626308	-0.2740897044	0.0757229851	0.2314741519
ENSGEXAMPLE042-rs000042	0.059577722	-0.1126410021	0.240997543	-0.010602682	-0.2257804887	-0.0687567977	-0.0052094924	0.271947874	-0.3324330666	-0.4946966471	0.0067876592	-0.1141354993	-0.0822663751	0.097989166
ENSGEXAMPLE043-rs000043	0.228211614	0.1892152019	-0.173630982	0.1325044961	0.1862155793	-0.0482663915	-0.2726945856	-0.117179202	0.0750640189	0.2625062157	0.0709121847	0.1708386974	0.112830982	0.1216986736
ENSGEXAMPLE044-rs000044	0.113419264	0.2022500439	0.132221935	-0.283981179	-0.1957231656	0.0806319448	0.1783550995	-0.460217912	-0.4934718488	0.0581441038	-0.2943657075	-0.025428658	-0.3598989232	0.2124913915
ENSGEXAMPLE045-rs000045	0.018067624	0.1940158342	-0.205630244	-0.1617587847	0.0650077817	0.4831359101	0.2075575643	0.229381003	0.0309051933	0.1702095082	-0.2590835118	0.6265285049	0.1255530251	0.0257532102
ENSGEXAMPLE046-rs000046	0.075110362	0.1416398846	-0.167209144	-0.0348859884	0.2174602094	0.0908593283	-0.0739356711	-0.217182823	-0.5757783941	0.2123011865	0.119467217	-0.0010719818	0.3673990704	0.037304602
ENSGEXAMPLE047-rs000047	0.176559366	-0.1998443829	-0.167425832	0.3502960008	0.0769120803	0.0489633265	0.1236550644	-0.299859374	0.1369917109	-0.0030657463	0.2426650666	0.3727095644	-0.2496895164	0.1161709659
ENSGEXAMPLE048-rs000048	0.263181309	-0.1768242735	0.282217271	0.1686745133	0.1828896441	0.074240459	0.1350453383	-0.057654191	-0.1642253181	0.0905006107	0.1432685816	0.0076828885	0.0054259808	-0.4547242321
ENSGEXAMPLE049-rs000049	0.342797322	-0.1201137779	-0.366813756	-0.2802225178	0.1350312578	0.2979311504	0.0528797038	0.127289082	-0.0993388535	-0.0133358667	0.0635795895	-0.4390189696	0.5106352555	0.2672541116
ENSGEXAMPLE050-rs000050	-0.131677058	0.2258656762	-0.051276681	-0.0814986037	-0.252089625	0.1909167935	0.1492822626	0.166751024	0.1000527833	0.1487919773	-0.113705113	-0.277206662	0.0317410016	-0.0013512716
ENSGEXAMPLE051-rs000051	0.236801923	-0.1249218822	-0.25456378	0.1527298735	-0.0909301115	-0.0737889022	0.3277633683	0.051353206	-0.0453563341	0.162236641	0.065781525	-0.3935962929	0.0240432024	0.1364792672
ENSGEXAMPLE052-rs000052	-0.386101545	0.0706630013	-0.235115133	-0.4771315315	-0.0700972056	0.089539104	0.3506108037	-0.36292875	0.1332414975	-0.0262049832	0.2784551852	-0.1339882496	-0.431392119	-0.0571966761
ENSGEXAMPLE053-rs000053	0.47716791	-0.1746853491	-0.202826583	-0.0649326989	0.0431263454	-0.4016680296	0.3290649627	-0.583643818	0.2270412917	-0.2190289429	0.1670200852	-0.1158467022	0.0663169624	0.0090099929
ENSGEXAMPLE054-rs000054	0.165730782	0.0256836906	-0.376885674	0.093861551	0.3404559901	0.1405333086	0.0950142434	0.017507723	0.1937894858	0.1629305304	0.2448283498	-0.2079858898	0.1639961254	-0.0172954466
ENSGEXAMPLE055-rs000055	-0.515703931	0.0523812774	0.341424679	0.1226402591	-0.0632235828	-0.3399512525	-0.0202833503	-0.114209215	-0.0818116901	0.4896990473	0.0128618557	-0.201021939	-0.062592967	-0.1244712045
ENSGEXAMPLE056-rs000056	-0.395191356	-0.2204588787	-0.04872072	0.0177617589	-0.1915609781	-0.3124328512	0.1068098443	-0.17412135	-0.0656895174	0.0598465746	0.3229539453	0.1526433404	-0.3244742562	0.1010518207
ENSGEXAMPLE057-rs000057	0.236184111	-0.0771580473	-0.508538028	0.1531033282	-0.233172148	0.3752457007	-0.3184448548	0.459865653	-0.0009297535	0.0557146323	0.0374063059	0.010627491	0.0428160836	0.2741675768
ENSGEXAMPLE058-rs000058	0.011816379	-0.0555085218	-0.097623937	0.0606869099	0.0685143681	-0.4914185929	-0.0427589416	0.47276826	-0.3169434453	0.2087941129	0.1052371396	0.1432721625	0.1017373341	-0.2598513962
ENSGEXAMPLE059-rs000059	-0.326325809	-0.1652974473	0.060833504	0.0234015159	0.2412727004	-0.0560618863	-0.1057731063	0.096911972	-0.1810404427	0.127927628	-0.0912857325	-0.0999331555	0.0879282163	0.0558774283
ENSGEXAMPLE060-rs000060	-0.020154079	0.0950369948	-0.092882479	-0.2547459533	-0.4360489493	-0.2001397805	-0.0400314643	0.183662494	0.0672118299	-0.4822689707	0.1615791883	-0.0267927714	0.3157461248	-0.0684488471
ENSGEXAMPLE061-rs000061	-0.039526043	-0.340261963	0.043041786	-0.0151238478	-0.0821404155	-0.3211562215	-0.3561266717	0.027005943	0.0495764236	0.2982461347	-0.0848555001	-0.109920233	0.1246751526	-0.3486361402
ENSGEXAMPLE062-rs000062	-0.213174657	-0.1454597217	0.360844842	-0.003090884	-0.2060289546	0.6535178644	-0.1051647099	0.080499566	0.8974778122	-0.0184753813	-0.1709567159	-0.0310433625	0.2583841557	-0.0262025571
ENSGEXAMPLE063-rs000063	0.190020488	0.4282178933	-0.2509668	-0.2792482511	-0.0164438577	0.5617013319	-0.4137372574	0.081462037	-0.1706508419	0.0052753395	-0.0921787218	-0.0507869809	0.1561358377	0.215384098
ENSGEXAMPLE064-rs000064	0.528097265	-0.0625849177	0.115533828	0.2369441746	-0.2054901284	-0.0170676654	-0.1828765508	0.37697457	-0.1645173515	-0.5822814342	0.0929555999	-0.1547620456	0.0114095886	0.4907673821
ENSGEXAMPLE065-rs000065	0.413641353	0.0419205946	0.392328373	-0.150946606	-0.2528311631	0.1301281231	-0.0871953542	0.398587405	0.1114106619	-0.4197463034	-0.0784557716	-0.2477049522	0.0676671491	-0.2872207188
ENSGEXAMPLE066-rs000066	0.116642321	-0.1405346212	0.25630709	0.0109973276	-0.271421658	-0.5984612215	0.4094591829	-0.295777774	-0.2674056465	-0.25641499	-0.039037118	-0.1542764565	0.1553136534	0.0767250325
ENSGEXAMPLE067-rs000067	0.025548197	-0.0741818226	-0.243466944	-0.0289494328	0.0355639189	0.0680922157	-0.12378251	0.076084099	0.0990237188	0.2088381233	-0.119934332	0.1525347079	0.1638852494	-0.0697708307
ENSGEXAMPLE068-rs000068	0.133662985	0.3336633417	-0.199056378	0.1870523335	-0.1301748917	-0.034137847	0.1922779172	0.189366243	0.15487369	-0.0275609267	-0.0221525248	0.0312892361	0.0230452354	-0.0674876512
ENSGEXAMPLE069-rs000069	0.023719173	0.0453964727	0.261785222	-0.2075901804	-0.1653505617	-0.3340670514	0.2184775669	0.03970335	0.0376795683	0.1738602535	-0.6202683944	-0.1915836126	-0.2323696912	-0.0581892692
ENSGEXAMPLE070-rs000070	-0.070185227	-0.0484356792	-0.098421535	0.175639198	-0.0881579754	0.0826589224	-0.0775033991	-0.24748671	-0.3709300789	0.4601972298	-0.2007723232	0.0705538191	-0.111410455	-0.2530926724
ENSGEXAMPLE071-rs000071	-0.170285354	-0.0816572476	0.087836197	-0.327337155	0.2852831292	0.3687891849	-0.1320770301	-0.574835866	0.0116785462	-0.0302203447	-0.2182479907	0.1850811353	-0.1071934745	0.0777409498
ENSGEXAMPLE072-rs000072	-0.006676998	-0.0719088264	-0.220541353	0.0325051359	-0.2489968471	-0.1118063371	-0.474773335	0.130651494	-0.3744935152	0.2161517637	-0.1395637076	0.1104115514	-0.2604108672	-0.5154053406
ENSGEXAMPLE073-rs000073	0.254789377	0.2223516103	0.186015056	0.2718958418	-0.2623725625	-0.3625035524	0.0380047994	0.186041245	-0.3275408218	-0.3060284283	0.0196715193	-0.1769186314	-0.2343426717	0.0504068173
ENSGEXAMPLE074-rs000074	-0.076445072	0.0528216657	-0.143982344	0.2363952555	0.0952619619	0.0787078468	-0.0183408485	-0.48908326	-0.0033537915	0.0346674077	-0.0762938799	-0.0643391588	0.4182371064	-0.2485694136
ENSGEXAMPLE075-rs000075	0.367422802	0.1005754245	-0.270545635	0.1957274802	-0.2998505692	-0.163516626	0.1502196666	-0.518904079	-0.1322008787	0.1047709448	0.012920875	0.103464406	0.0386067731	0.1760936209
ENSGEXAMPLE076-rs000076	-0.361004417	0.0936461546	-0.337383855	-0.184522245	0.030592065	-0.1230586676	-0.270492858	0.268022747	-0.2620309581	-0.0684129924	0.0878802578	0.0331501726	-0.0122114374	-0.1232049601
ENSGEXAMPLE077-rs000077	0.270727733	0.1705959781	-0.04890872	-0.3513670886	0.426491215	0.1104006577	-0.2029853164	0.109849836	-0.0710514077	-0.0955494367	0.2624264031	-0.152957257	-0.4281267979	-0.0229411643
ENSGEXAMPLE078-rs000078	-0.016700685	-0.1936816386	0.208757857	0.1701927395	-0.3517770631	0.1319406946	-0.16812174	0.085015548	-0.0485169718	0.1665070047	-0.3495611931	-0.0641922543	0.208820193	-0.1894689658
ENSGEXAMPLE079-rs000079	-0.013893484	-0.280216541	-0.240280713	-0.0917125045	0.1994223843	0.0593698411	0.1108477477	0.041737703	0.0962021729	-0.0962119116	0.55019966	0.3499173593	-0.2019971818	0.5042972217
ENSGEXAMPLE080-rs000080	-0.171207989	-0.0275534609	-0.32820556	-0.1623222396	-0.0902205223	-0.1328008585	0.1216164863	0.117374716	-0.1583006881	-0.3887427048	-0.5037330728	-0.3975647452	-0.4123966251	-0.0269103005
ENSGEXAMPLE081-rs000081	-0.020063692	-0.5790378638	0.077472815	0.0654477455	-0.1076196648	0.1454599886	0.0155909481	-0.158967999	0.0806059195	0.478353544	0.0005609447	0.2361725533	-0.2575101875	-0.10933776
ENSGEXAMPLE082-rs000082	0.250820625	-0.0774525083	-0.006902953	-0.0703685205	-0.1493255647	0.2001158758	-0.3019592166	0.151963542	0.1072158514	-0.0049523947	-0.0418631713	0.15574735	-0.2064376516	0.430721861
ENSGEXAMPLE083-rs000083	-0.073444805	-0.1514725264	0.192277751	-0.3306349943	0.1639523731	-0.1945795032	0.0366982654	-0.069725842	-0.3882125978	-0.0910657156	-0.2942788592	-0.1287526455	0.1275119355	0.2131567569
ENSGEXAMPLE084-rs000084	0.171028265	-0.0802009169	-0.138746764	0.3688624398	-0.3070909249	-0.30468502	0.2224738725	0.223990413	0.1642201765	-0.1269837802	-0.0376994143	-0.1753411027	0.2094362003	-0.0513013531
ENSGEXAMPLE085-rs000085	-0.157001266	0.261450928	-0.351881817	0.1723143726	-0.2278927289	-0.1534662327	0.15534433	-0.284618497	-0.2877431131	-0.2030695014	-0.3565867595	-0.2285855643	-0.0547081616	-0.2411999837
ENSGEXAMPLE086-rs000086	-0.073661544	-0.2504224282	-0.068647824	-0.0411258427	-0.324680106	0.0563120666	-0.1560008973	-0.104344475	0.1158637539	0.0057272415	0.2059926298	0.0546014985	-0.2246192953	-0.2263482662
ENSGEXAMPLE087-rs000087	0.069940291	-0.0082530208	0.084502312	-0.2471003709	0.0386824895	0.1623904459	-0.2385510307	0.331989847	-0.2199492218	0.1706651607	-0.2750994159	0.3928203871	0.2169865806	-0.2339079563
ENSGEXAMPLE088-rs000088	-0.195048673	-0.0290995687	-0.288954919	-0.0129180573	-0.5162718751	0.2812836307	-0.3562904937	0.091769015	-0.0452718872	-0.076506991	0.5167800038	-0.0003225278	-0.0640829823	-0.0470507252
ENSGEXAMPLE089-rs000089	-0.130806297	-0.0576029484	0.091099344	0.0787555575	0.184254104	0.0402847624	-0.2827675385	0.372747874	0.1715114333	-0.1439531675	-0.0626084906	-0.107140016	0.186222573	0.0029511152
ENSGEXAMPLE090-rs000090	0.011280332	-0.0382502779	-0.191867888	-0.2267366881	-0.468843061	0.0404424198	0.0211136752	0.138998109	-0.1427984885	-0.1893493899	0.0602733885	0.200841387	0.1859928465	-0.0287667739
ENSGEXAMPLE091-rs000091	0.07988366	-0.2662065793	0.015398186	0.0673703958	0.1635791902	0.0327216878	-0.1501205281	0.142154028	-0.325340128	-0.1913331563	0.120974591	-0.0333039222	-0.2842806868	0.4049538616
ENSGEXAMPLE092-rs000092	0.53069831	0.1543299509	-0.175930101	0.0076409718	0.0012977702	0.4097911173	-0.0157276922	0.292608153	0.0880523058	-0.5682876002	-0.0277397866	0.1913021351	0.2060812127	-0.1688447913
ENSGEXAMPLE093-rs000093	-0.111099463	-0.2104632962	0.071320032	0.3622259931	-0.0342602101	-0.0035141045	0.2228045162	0.041803167	0.103456515	0.0983402082	-0.2778512453	-0.2261122453	-0.0990316515	-0.037984707
ENSGEXAMPLE094-rs000094	-0.258236509	-0.7015673978	-0.03718907	-0.0679766594	-0.0157643194	-0.276642862	0.1802764431	-0.03214171	-0.0253424794	-0.1149666156	-0.2363382024	0.2223154119	-0.3289080461	-0.1379840271
ENSGEXAMPLE095-rs000095	0.170222506	-0.1350391939	-0.144134373	-0.0295611091	0.1916782999	-0.3120291172	0.0650675798	0.039551991	0.5726015557	0.0659391679	0.1818777326	-0.0428544	-0.0538911302	0.2082898796
ENSGEXAMPLE096-rs000096	-0.149454599	0.0455027387	0.210499016	0.102347396	0.1094740358	0.0790693937	-0.0693937613	0.183462427	0.048506455	-0.0990838574	-0.1846781744	-0.2815520968	-0.1259127018	0.0001495432
ENSGEXAMPLE097-rs000097	0.186057452	-0.0545494355	-0.203404778	0.2157392353	0.0566067277	-0.2709112866	0.4941607326	-0.228765072	-0.0573453042	-0.0706342572	0.0019050037	-0.3228202675	0.06808502	-0.0477119624
ENSGEXAMPLE098-rs000098	0.167287446	-0.1319116191	-0.141616055	0.2816348676	-0.0411114777	0.2775875662	0.2145719779	0.004073959	0.1532625199	-0.4243933464	-0.1680035167	-0.184490138	0.1817845881	-0.1076541268
ENSGEXAMPLE099-rs000099	0.008675645	0.2399083373	0.040184114	-0.0705423681	0.3846015516	-0.3848990493	0.2113035512	-0.198608338	0.0842894589	0.211013942	-0.0423112874	0.0226755809	0.1737803026	-0.0285060875
ENSGEXAMPLE100-rs000100	0.130599831	0.0497130745	0.026057966	-0.141659864	0.3902084924	0.2267848952	0.1054262085	0.573005652	0.412637643	-0.3671099389	-0.3250248011	0.0757161248	0.0134804992	0.191074734
ENSGEXAMPLE101-rs000101	0.387688255	0.000134111	-0.182088223	0.1203053508	-0.2218124392	-0.1496638799	-0.0184868162	-0.215387933	0.3750724876	0.1629331184	-0.184349989	0.2080086837	0.1087541864	-0.1433032249
ENSGEXAMPLE102-rs000102	-0.3428641	-0.2147450961	0.021466955	-0.1822519825	-0.1731110287	-0.0948562303	0.1768861527	-0.041558906	0.1510215883	-0.0712037983	0.0412244267	-0.0572940227	0.1854870467	0.4950662847
ENSGEXAMPLE103-rs000103	-0.05279282	-0.1112211647	-0.066252358	0.3131425894	-0.0100569587	-0.0264333346	0.4567459798	0.271626714	0.4108663886	0.0556132187	0.2104396499	-0.4488271699	0.0566615126	-0.2820269336
ENSGEXAMPLE104-rs000104	-0.492522277	-0.0644062777	0.047597843	-0.1845305924	0.1131232767	0.1536606202	0.2233166291	0.206396233	-0.1614231998	-0.1013888145	-0.0159475912	0.0447204511	0.0311543796	-0.1221374167
ENSGEXAMPLE105-rs000105	0.25418294	-0.0386232257	0.285543768	-0.073883402	-0.3571899283	0.2608903882	-0.256402882	-0.292711995	0.0519575395	0.0593418355	-0.3463773603	-0.0951205364	0.0318007795	0.1394161978
ENSGEXAMPLE106-rs000106	-0.151822691	-0.2760033243	-0.111391348	-0.2320347656	-0.3083254101	-0.1098498507	0.1120574959	0.064919408	-0.218227369	-0.0147378543	-0.2223137268	-0.2196807764	-0.3727567606	0.0743584408
ENSGEXAMPLE107-rs000107	-0.06514825	0.4660479324	-0.03064346	0.1110562113	-0.0205419386	-0.0509949183	-0.1189643463	0.101935298	0.0047208486	-0.1015658345	-0.0232653986	-0.0994109981	0.0966039628	0.1161950202
ENSGEXAMPLE108-rs000108	-0.000546528	0.1466017402	-0.203422043	0.4413935748	0.2087049416	-0.238489535	0.2037612575	0.118470008	0.0026223097	-0.2896353673	0.0440646573	0.0987041758	-0.0300090733	0.10870468
ENSGEXAMPLE109-rs000109	0.05136621	0.0969981547	0.175832127	-0.067549463	-0.0965218177	-0.0997506985	-0.1802944222	0.177847713	0.0526163772	0.1737725752	-0.210670481	0.8079749982	-0.3018978098	-0.5223775275
ENSGEXAMPLE110-rs000110	-0.22965203	-0.2014996388	0.155138969	0.1934122769	0.5981655287	0.0850184641	-0.0796285732	-0.490120623	0.0155407884	-0.2826049397	0.10420612	-0.171579337	-0.510138126	-0.1046001187
ENSGEXAMPLE111-rs000111	-0.169665854	-0.1271083928	0.135324228	0.4005048058	0.0460771787	-0.3272151875	0.1425557722	0.299885643	0.1159244283	-0.2950973651	0.4580908198	0.097405012	-0.2686761764	-0.0640582827
ENSGEXAMPLE112-rs000112	-0.206847484	-0.1650433892	-0.039610367	-0.1425191193	0.1248723104	0.4011724845	-0.1276809128	-0.136929537	0.126406781	0.066612226	0.4019410049	-0.2949687281	-0.1836701121	0.1713152089
ENSGEXAMPLE113-rs000113	0.030276608	-0.0704531739	0.241249847	-0.0103128527	-0.082449924	0.3628241275	-0.2656521779	-0.173215137	-0.3132343387	0.1574125676	-0.0518066043	-0.2088580384	0.091471307	0.1747400338
ENSGEXAMPLE114-rs000114	-0.123973141	0.169557431	-0.011451074	-0.0989176468	0.2040484892	0.0950180594	-0.383407863	-0.033173392	-0.1048793779	-0.3268861636	0.2016406595	0.3233222022	-0.1550555549	0.0665486129
ENSGEXAMPLE115-rs000115	0.172538158	0.1036864844	0.016960711	-0.4259140881	-0.2279951318	0.3591945634	-0.3432235549	-0.011063426	0.1053912523	0.0921594502	0.12148326	0.357324565	-0.2619927921	-0.2491479639
ENSGEXAMPLE116-rs000116	0.002820206	0.2575921772	0.1354003	-0.1452155827	-0.0006311324	0.3771248784	0.3103515059	0.369635741	0.3262643414	0.3910057254	-0.1976960383	0.2240564984	0.241428447	0.1089069398
ENSGEXAMPLE117-rs000117	0.094114566	-0.084504861	0.266726789	-0.0325681404	-0.2006751785	-0.164301811	0.0683873464	0.051271787	-0.0383585145	0.3565696488	-0.1061841795	0.00694692	0.0152047476	-0.105651437
ENSGEXAMPLE118-rs000118	-0.002908784	0.3071830443	-0.232027662	-0.1115803102	0.1354332859	-0.2031983374	0.0671342891	0.83939126	-0.1773439488	-0.2641454282	-0.0555464916	-0.1029130126	0.0301187043	-0.2667827271
ENSGEXAMPLE119-rs000119	0.229082353	-0.1597187197	-0.145950826	-0.0884636341	0.2199198788	0.1703367094	0.0222057061	0.281282711	-0.4352673586	-0.3181649561	-0.1808044579	-0.0090380366	-0.0847132842	-0.0532886413
ENSGEXAMPLE120-rs000120	0.122551767	-0.1276625741	0.01829748	0.0066674988	-0.383776492	0.4870090948	0.0410146545	-0.156280865	0.3924580202	-0.3682452958	-0.0480491968	0.0675700586	-0.0959260335	0.018356178
ENSGEXAMPLE121-rs000121	0.061150168	0.4386481798	0.09902877	-0.402773661	-0.1434783653	-0.019100086	0.2279461522	0.316609404	0.0250652157	0.0035489795	0.1550224714	0.1519535334	0.1216915454	-0.0860193414
ENSGEXAMPLE122-rs000122	0.067465524	-0.2926107512	0.277848427	0.4152660893	0.2248799123	0.030390585	-0.0141489125	0.5623009	0.0610380457	-0.1077198269	-0.2436246078	0.0993501424	-0.0536952651	-0.0050064931
ENSGEXAMPLE123-rs000123	0.344986726	0.1213920654	0.168834245	0.036434311	0.1171037058	-0.2016286353	-0.0633272122	-0.186309747	-0.0301297895	0.1465583093	-0.5586131536	0.048140595	0.1326074221	0.0340218644
ENSGEXAMPLE124-rs000124	-0.130834843	-0.0584200504	-0.448037218	0.2408055171	0.1543141115	0.0111701188	0.4529829248	0.154896377	-0.0519691622	0.0642196905	-0.355393756	-0.1661496763	-0.0875610231	-0.7651745401
ENSGEXAMPLE125-rs000125	0.092494515	0.1234494655	0.035487247	0.1557896498	-0.2049214943	0.3937213492	0.3030609365	-0.217277467	0.190235191	0.0830155279	-0.07784939	0.0886382621	0.6254387809	0.3679085871
ENSGEXAMPLE126-rs000126	0.312210669	0.4870695956	0.056268418	-0.1020598438	-0.1704910225	-0.2532741938	-0.1591132069	-0.066308294	0.3435975702	0.4303089917	0.0899882629	0.2487756302	-0.0497760689	0.0371642817
ENSGEXAMPLE127-rs000127	-0.153762711	-0.0517986648	0.292279194	0.0647749474	0.0736098385	-0.1123366566	0.4048388057	-0.279768789	0.0015613196	-0.1521517497	-0.123302594	0.075021363	0.1199485386	0.0162607093
ENSGEXAMPLE128-rs000128	0.019878095	0.0139442587	0.075369974	0.0121323755	0.4129165029	0.3442284503	0.0948498621	-0.022518784	0.2771422484	0.3452566681	-0.0916817889	0.1674620807	-0.2015230007	0.0122377502
ENSGEXAMPLE129-rs000129	-0.199947261	-0.2389996762	-0.205042602	-0.2426176005	-0.2990408147	-0.3752658438	-0.1910334047	0.048063017	-0.1107252112	-0.0502335705	0.1867017305	-0.1844314569	0.0832420936	-0.3043704345
ENSGEXAMPLE130-rs000130	-0.154417273	-0.0182631405	-0.063619445	-0.3523947683	0.4229267283	-0.0315312058	-0.4331020623	-0.165633476	-0.231027103	-0.2100430822	-0.2150593702	0.0287977751	-0.2285099464	0.2312107899
ENSGEXAMPLE131-rs000131	0.340771276	-0.0893743237	0.169121021	-0.0768547808	0.1859879725	0.0873807421	0.186794991	-0.025809849	-0.1558292512	-0.0905017183	0.0478477335	0.1318944581	0.1980055347	0.1936578139
ENSGEXAMPLE132-rs000132	-0.187689399	0.1461492078	-0.018799634	-0.0329582555	0.0301018571	0.2310052224	0.1830775415	0.014938534	-0.2408921181	0.2535524908	0.2773353267	0.1406185411	0.3192918368	-0.1821520059
ENSGEXAMPLE133-rs000133	0.183798181	0.0431415337	-0.164842231	-0.5160731753	-0.5125606439	0.0478575885	0.0950389946	-0.28117496	0.2543749306	-0.2468969293	-0.0639803238	0.2475701742	0.4801959908	0.1302079652
ENSGEXAMPLE134-rs000134	0.176062182	-0.0489465293	-0.324630705	-0.2674965456	-0.0777480124	0.4801718431	-0.0560918297	0.017466454	0.0278876741	0.0475973277	0.0597495166	0.1463597515	-0.0698610623	0.0548804537
ENSGEXAMPLE135-rs000135	0.092439622	-0.0202975187	0.40903177	0.060853853	0.3225531364	-0.2699651148	0.4668371497	-0.019583621	-0.1652824209	0.2878346785	0.1512558018	-0.1262241588	-0.0303381961	0.1896471254
ENSGEXAMPLE136-rs000136	-0.007009018	-0.119507609	0.122235723	-0.2406304958	0.0277845724	0.3860696312	-0.1095326108	0.083559203	-0.1884010218	-0.2169803593	0.5928075208	0.2159993775	0.099738289	-0.0503564181
ENSGEXAMPLE137-rs000137	-0.04080705	-0.3450272269	-0.104433876	-0.1320679294	-0.1388423196	-0.2766534955	0.2969532706	-0.15816883	-0.1715681372	-0.1098410037	-0.2896289385	-0.0248282019	0.0122667948	-0.1288656053
ENSGEXAMPLE138-rs000138	0.040011538	0.1553004895	-0.106450553	-0.2877580659	-0.2692159704	-0.153903089	-0.0126544198	0.014143299	-0.0202724437	0.1898128962	0.2181243213	0.1714406235	0.1590124229	0.18344139
ENSGEXAMPLE139-rs000139	-0.132168503	-0.4660137398	-0.156203023	0.4376633825	-0.2343765621	-0.0595028805	0.0787946692	0.02030759	0.2875421	-0.0775070215	0.0774766789	-0.0706695685	0.0574316411	-0.0860245766
ENSGEXAMPLE140-rs000140	0.264443311	0.1362529063	0.258154237	0.0853163386	0.2112734029	-0.3670353123	-0.1665144619	0.284777189	0.0235288398	0.4594315002	-0.0824135957	0.0785958623	-0.0091173842	0.053859965
ENSGEXAMPLE141-rs000141	0.180569885	-0.0168138179	-0.235789055	0.1538938383	-0.0339787875	-0.3508930698	0.0933712427	-0.181420917	-0.2023946284	0.1386800239	-0.1344916286	-0.175193431	0.1079563593	-0.0144122173
ENSGEXAMPLE142-rs000142	0.210118768	-0.0228423813	-0.041918117	-0.0192966774	0.4101106047	0.2987499345	-0.0657295295	0.020847253	-0.4614101761	0.0570817483	0.6632067796	-0.4366699449	0.2853157346	0.2123998412
ENSGEXAMPLE143-rs000143	-0.062538801	0.4468596039	0.231745245	0.4792899444	0.5477307995	-0.2310706689	-0.1222585077	0.195822387	0.1751755	0.5570289037	-0.064706381	0.309488268	-0.5008877286	-0.0447891559
ENSGEXAMPLE144-rs000144	-0.126109826	0.0330622333	-0.061979889	-0.1565743477	0.0259637775	-0.1324907638	-0.124561196	-0.178509941	-0.4990804719	0.2052459208	-0.1574784105	-0.1620681197	-0.1343021617	0.0535728554
ENSGEXAMPLE145-rs000145	-0.289771689	0.2084376757	-0.072878356	0.0617624508	-0.2430710956	-0.0968997055	-0.0725232144	0.313883055	-0.3790225597	-0.1352176211	-0.3957043401	0.3197299555	0.5836528961	-0.1122787182
ENSGEXAMPLE146-rs000146	0.074580204	-0.1509429878	0.2824878	-0.0580949882	-0.4726236306	0.0369696851	-0.2850522225	0.001036289	-0.0243981151	0.124355671	-0.0849328276	-0.1438261662	-0.2211767598	-0.2253640767
ENSGEXAMPLE147-rs000147	-0.182196878	0.2678772885	0.163987224	-0.0695157848	0.2988675131	0.4746092698	0.3243686897	0.12630801	0.0010088723	-0.3858273832	0.208346687	-0.0719275013	0.2171024835	-0.1575543087
ENSGEXAMPLE148-rs000148	0.386302386	-0.3185058743	0.085597016	0.0256652694	0.2447815962	-0.0325607597	-0.3412796022	0.083034109	-0.33832443	0.0203271136	-0.2645646198	-0.1967034837	-0.2819291198	0.1364046111
ENSGEXAMPLE149-rs000149	0.033688604	-0.1279166465	0.338549069	-0.0413373011	0.2180774811	-0.1284206831	0.1457192568	0.012132848	0.2049256847	0.3820331303	0.1293601313	-0.2897585537	0.1582572073	-0.1819595025
ENSGEXAMPLE150-rs000150	0.254145854	0.0363078756	-0.325495175	0.1452147683	-0.1319474391	-0.4197742905	0.2224878633	-0.140472209	-0.2186158141	-0.3332529913	0.1314258048	0.0683264306	0.2140012236	-0.1560768211
ENSGEXAMPLE151-rs000151	0.340332997	-0.2529788363	0.083524311	-0.2226074851	0.1951708969	-0.119121888	-0.2186671026	0.221196416	-0.302872642	0.0323786743	-0.234839122	0.3054562173	-0.0844799998	-0.3209758946
ENSGEXAMPLE152-rs000152	0.062918605	0.1593877543	0.031813624	-0.2101779652	-0.2974414724	-0.4378992978	-0.3757707531	-0.046709124	0.137389627	0.0997893994	0.0102641789	0.036035111	0.1285883094	-0.1367262677
ENSGEXAMPLE153-rs000153	-0.054715723	-0.2961823157	0.265412533	-0.0711978009	-0.145002469	0.0767024503	-0.0099426273	0.075872534	-0.190543275	0.3261163525	0.0079732019	0.3650492335	0.1651381899	-0.1101855568
ENSGEXAMPLE154-rs000154	-0.170090758	0.1211278336	-0.064544218	0.0984143543	0.4710362215	-0.3675076217	-0.2595242437	0.187099914	-0.0139458607	0.1099930666	-0.371298202	-0.3296716843	0.2936064253	0.1336719307
ENSGEXAMPLE155-rs000155	0.048228376	0.071456418	-0.159490191	-0.0112460572	-0.0949290697	-0.0442517426	-0.0711583883	-0.088129152	0.0043777742	-0.2040242313	-0.0304387101	-0.1060017483	0.0977835391	-0.2620132942
ENSGEXAMPLE156-rs000156	-0.076070579	-0.1556894544	0.395525181	-0.0096767517	0.1105866048	-0.4314073129	0.0456871889	-0.434307892	-0.0816357097	0.2935221375	0.1538649824	0.0951850627	0.1596053362	0.0661426841
ENSGEXAMPLE157-rs000157	0.021534321	0.0457286602	0.007471975	-0.6278893433	-0.1932292547	0.0612962101	0.0302996925	0.17845305	0.1313693938	-0.5108011945	0.1040552093	0.1023746764	-0.00869992	0.2834944062
ENSGEXAMPLE158-rs000158	-0.054567913	0.1387993415	-0.304861353	-0.2715513668	-0.1673926969	-0.1411467087	0.2307808545	0.049655138	-0.1516404789	0.2852353936	-0.1808331287	-0.1344917131	-0.2098618171	0.0163403793
ENSGEXAMPLE159-rs000159	0.038549847	-0.0172265618	0.321173543	-0.2844920712	-0.221678716	0.0561835273	-0.2143599548	0.088503007	0.0270806314	0.110762884	-0.0929877216	0.0860480675	-0.240349803	0.1082444405
ENSGEXAMPLE160-rs000160	-0.174982778	-0.0058926531	0.145726301	0.273358909	0.109480322	-0.1093847991	-0.1098515971	0.541804446	-0.2119465856	0.294347056	0.2020383854	-0.0418064088	0.214034464	-0.0138276684
ENSGEXAMPLE161-rs000161	0.087727678	0.1132729322	0.041026798	0.2490107915	0.0721699906	0.0566132485	-0.0679589881	-0.022900003	-0.4527847653	0.2631158785	-0.254396027	-0.1759305872	-0.0811612971	0.2417725847
ENSGEXAMPLE162-rs000162	-0.143169867	0.0715056938	-0.034788529	-0.1354998631	-0.279195243	-0.4974107941	-0.1298012717	-0.006936916	0.3685251487	-0.1474444671	-0.3090192958	-0.025522438	0.0422644773	-0.3704387065
ENSGEXAMPLE163-rs000163	0.217171807	-0.0075231234	0.014537537	-0.1352241877	-0.340899035	-0.3573194186	0.2673564144	-0.038637606	0.945438064	-0.0067534375	0.2359551945	-0.3739586911	0.0494834849	-0.2430088402
ENSGEXAMPLE164-rs000164	0.138414054	-0.1929828629	0.088931993	-0.028352319	0.0580944082	0.3058878483	0.1973214567	0.537157409	-0.0370108116	0.001637823	0.2995381103	0.1535421532	-0.2848779705	-0.2075939165
ENSGEXAMPLE165-rs000165	0.374016366	-0.1772685101	-0.277990257	-0.1959018182	0.3330749935	-0.0691775598	0.3850588449	0.137859063	0.0524547498	0.1007368931	0.2435254312	0.3172461336	-0.3922277251	0.0395483092
ENSGEXAMPLE166-rs000166	-0.293798644	0.1146254006	-0.256390946	0.1089601052	-0.1647394626	0.0073631004	-0.0487887448	0.205556327	0.2288038498	-0.1157033384	0.3674931389	-0.142698849	0.29778045	-0.2491280584
ENSGEXAMPLE167-rs000167	0.006433808	0.0110020373	0.140373215	-0.151191904	0.4081130249	-0.1682300618	-0.0329490987	-0.135122827	-0.2221012231	0.010185732	-0.7593612143	0.0864287875	0.0252291357	0.3528242181
ENSGEXAMPLE168-rs000168	-0.042508233	-0.2603677599	0.218559252	-0.0259503104	-0.2685362185	0.308264182	0.1518496909	0.124622674	0.0013536835	-0.0298936577	0.0979041881	0.1591041282	-0.2562154633	-0.0159221185
ENSGEXAMPLE169-rs000169	0.25497039	0.0035548372	-0.432102563	0.0013521565	-0.0517606818	0.1424748552	-0.1203895412	-0.114499457	-0.1316821537	0.1059781716	0.0043534581	-0.4071946839	-0.270349311	-0.1543541766
ENSGEXAMPLE170-rs000170	0.084279856	0.181328047	-0.019374382	0.0525167469	0.2388583625	-0.1871063814	-0.1750944718	-0.355744865	-0.0392303695	-0.1202528614	-0.0581976467	0.1245310835	-0.0254971316	-0.3942191262
ENSGEXAMPLE171-rs000171	0.019451747	0.0102218341	0.230993373	-0.2362203221	-0.2267653117	-0.0657072327	0.0200930131	0.150765441	0.1834561115	0.1531774669	-0.0322466471	-0.1187611685	0.2046205206	0.241036344
ENSGEXAMPLE172-rs000172	-0.070699633	0.077279259	-0.181657812	0.0577105441	-0.3130829885	-0.0102852591	0.0387957921	0.015973446	-0.0773369243	0.3037950547	-0.0844615862	-0.091437642	0.4202853335	-0.4984658282
ENSGEXAMPLE173-rs000173	0.067279892	0.0779767306	0.453158301	-0.1500225976	0.4264544627	0.0714304554	0.3622023867	-0.377658658	-0.2225472887	-0.0031745818	-0.1253000708	0.1703982139	-0.0480899204	-0.3145199618
ENSGEXAMPLE174-rs000174	-0.18625261	0.3421566049	0.372936029	0.2688266183	-0.1937275721	-0.1374415297	0.1474893555	0.285514708	-0.0328517629	-0.0952620871	-0.3071019661	-0.2231917344	-0.326187019	0.1036230664
ENSGEXAMPLE175-rs000175	0.024530484	0.2707509398	0.541859863	-0.0027265386	0.3222570942	0.1493952122	0.3235440152	0.27171734	-0.2046828001	-0.2994107555	-0.035963892	0.0559440625	0.1188062013	-0.1135826439
ENSGEXAMPLE176-rs000176	-0.023175746	0.0084495665	0.12403368	0.4298546855	0.0558236869	0.204730108	0.2310567418	0.142337633	0.4102293167	-0.1997463554	0.2768167459	0.334340445	-0.0192445237	0.0466097576
ENSGEXAMPLE177-rs000177	0.210672082	-0.313817664	0.052753645	0.3730633512	0.0861658357	0.5977580008	-0.0577155503	0.037917429	-0.1641618145	-0.2012671743	0.0772025696	-0.0095211857	-0.5066813237	-0.0135617528
ENSGEXAMPLE178-rs000178	0.067192219	0.1163075839	-0.075800072	-0.1097660338	0.331017502	0.1382975143	-0.0150255463	0.046590143	-0.2048174391	0.2474291343	0.228688777	-0.0369962064	0.1874949775	0.0182543977
ENSGEXAMPLE179-rs000179	0.021940003	0.1917670177	0.410090078	-0.0120758611	-0.1484973364	0.0006666141	-0.0987818863	0.138881125	0.3687866261	0.2200006108	-0.2328296475	-0.3119053876	0.0495044137	-0.2452980687
ENSGEXAMPLE180-rs000180	-0.003941519	-0.0113688348	-0.283042837	0.0086049389	-0.1751108254	0.0978214606	0.1376162647	0.00908237	-0.0579640294	0.3862461378	-0.2291922084	0.0409135617	-0.1487354737	0.170504348
ENSGEXAMPLE181-rs000181	-0.235770821	-0.0883468791	0.373690729	-0.1238517082	-0.2544107605	0.2984277859	-0.2296759306	-0.127630696	-0.1542687386	0.0498434343	0.1740967984	-0.0568080698	0.2599853311	-0.0734020735
ENSGEXAMPLE182-rs000182	-0.17919574	-0.1117601623	0.296428849	-0.1268682903	-0.1551566548	-0.1396930122	0.1564072222	-0.566080121	0.3039617589	-0.1132806885	0.0117063291	-0.2782230033	0.5163094684	-0.1258215226
ENSGEXAMPLE183-rs000183	0.295809853	-0.2897352799	0.099055956	-0.3063950465	-0.3444122104	0.0159373952	-0.336965003	-0.258343832	-0.0519476775	0.0548172929	-0.3830097085	-0.1020019311	-0.2351308675	-0.1404858811
ENSGEXAMPLE184-rs000184	0.119316336	0.0615502999	-0.304965391	0.157871432	0.2886686395	-0.0007918648	-0.259790549	0.082684952	-0.0081630447	-0.19521942	0.0402224246	-0.2114853823	0.1409906473	-0.0476697928
ENSGEXAMPLE185-rs000185	0.217761672	-0.235832047	-0.350366125	-0.0616998853	-0.1212073446	0.2295858157	-0.1788659133	0.016656052	0.1268011828	0.5895244002	0.2486946596	0.0949848466	-0.1783623576	0.0858218931
ENSGEXAMPLE186-rs000186	-0.344839585	0.3967312045	0.116992004	-0.0369934277	0.0507206948	-0.13514438	-0.0494202472	0.069645722	-0.1541339185	0.0074241349	0.524484088	0.2948361755	-0.3270717095	-0.0405540423
ENSGEXAMPLE187-rs000187	-0.018554269	-0.0902132203	-0.351737168	0.1979874348	0.2033683101	-0.6173663821	0.5460106006	-0.241018939	-0.1638489337	0.4347456584	-0.0918757024	-0.0378545595	-0.0761297233	-0.2429339732
ENSGEXAMPLE188-rs000188	0.172256323	-0.3827717886	-0.160459511	-0.2174455127	0.2590674326	0.0513837586	-0.1413097218	-0.030650969	-0.326452816	-0.3742577867	-0.2482126331	0.0665888156	-0.5080773331	0.17739063
ENSGEXAMPLE189-rs000189	0.338505175	-0.1575512766	-0.18862239	0.2606686112	0.3789084718	-0.1346090829	-0.1153276083	-0.034057427	0.4458825853	0.2699135188	-0.0498108889	0.107241604	-0.1988728777	0.1232534489
ENSGEXAMPLE190-rs000190	0.093373635	-0.3629034319	0.10388025	0.0358251383	-0.0609842087	0.1335864525	-0.0437179442	0.158474043	-0.1583039284	-0.1899776815	-0.3075619953	-0.0171598134	0.0863813597	0.4442251054
ENSGEXAMPLE191-rs000191	0.094023593	-0.1841021327	0.34312703	0.1716135529	0.1272609805	-0.0808913876	-0.1177874333	-0.346764264	0.06232466	0.0030704831	-0.4787154498	0.0729559747	-0.1411429116	-0.0427426496
ENSGEXAMPLE192-rs000192	-0.048110673	0.0884837208	-0.13186479	0.1337481401	0.0638648564	-0.0711944042	-0.0840500428	-0.038721296	-0.1659361289	-0.1007109451	0.2113130332	-0.1125818135	-0.3089577226	0.2350607006
ENSGEXAMPLE193-rs000193	0.017407422	0.0177014938	-0.317491711	0.4673423699	0.2354747332	0.2167544875	-0.2257399564	-0.143060266	0.2335674847	0.2686127101	0.1307299654	-0.2524375358	-0.3633059175	-0.1787830857
ENSGEXAMPLE194-rs000194	-0.125426087	0.4591474684	-0.214810879	0.2907878217	-0.1672737164	-0.0797388947	-0.0243783158	0.032265515	-0.1484453967	-0.0088298994	0.1050397655	0.4229483261	-0.1341705449	-0.0074843983
ENSGEXAMPLE195-rs000195	-0.04686472	-0.1373168986	-0.219720309	-0.2993551675	-0.0493599684	-0.0165823595	-0.1562795131	-0.200182686	-0.1116151734	-0.1505230302	-0.1355273337	-0.020546761	-0.3471123746	-0.0568535699
ENSGEXAMPLE196-rs000196	-0.102848809	0.1778846867	0.296888478	-0.0470540358	0.2040153827	0.5922153576	0.5782830633	-0.001647297	0.4078428497	0.3519883605	0.1667331704	-0.096031785	-0.0989779726	0.1757523045
ENSGEXAMPLE197-rs000197	-0.231407001	-0.00654399	0.189850916	-0.360559966	0.4251398935	0.0730400637	-0.267383171	-0.172372869	0.1355435945	0.0810393088	-0.0163135637	-0.3288973056	-0.0378481137	0.091166314
ENSGEXAMPLE198-rs000198	0.193452896	-0.4366805436	-0.096372781	-0.0492324794	-0.4096356415	-0.1532978258	-0.3333623625	0.126012705	0.0494246591	0.0615559161	-0.2278697361	-0.034782895	-0.0520578676	-0.1043638085
ENSGEXAMPLE199-rs000199	-0.118216045	0.0115810756	-0.153186111	0.2269745881	0.0185570506	-0.3950390428	0.30849942	-0.130336687	-0.1644114775	-0.0922773958	-0.170593516	-0.1542736316	-0.1922476517	-0.2298799446
ENSGEXAMPLE200-rs000200	-0.013024855	0.0728569639	-0.348615166	-0.1272981788	-0.0396025203	-0.2303153517	-0.0834885738	-0.045042608	0.1351041795	0.2045404129	0.2202291002	-0.2291034246	-0.186404932	0.1008856323
ENSGEXAMPLE201-rs000201	0.099728335	-0.2267943648	0.053503983	0.000471591	-0.128869269	0.2459736692	0.0652386787	-0.119085765	-0.0596391014	0.1989672434	-0.1638872841	-0.5372101168	-0.0016150007	-0.128441772
ENSGEXAMPLE202-rs000202	-0.303979479	-0.4122597659	-0.024694455	-0.1623749484	-0.2390112337	-0.0237959717	-0.4513288447	-0.009336912	0.0855723138	-0.1972847083	0.310898835	-0.3313161808	-0.1234749224	-0.0793730656
ENSGEXAMPLE203-rs000203	-0.043006973	0.0289231939	0.139812763	-0.0607549149	0.270319643	0.0741059486	-0.3600044518	0.209898938	-0.1420100935	0.1292405609	-0.2280240791	-0.2823674909	0.335740432	0.0103224768
ENSGEXAMPLE204-rs000204	0.063490024	0.1995905225	-0.058986274	0.2544795067	-0.0433219397	0.1072374595	0.2220177569	-0.212207791	0.2754440982	-0.0978436567	-0.150749673	0.1013711405	0.2163692078	0.0874939813
ENSGEXAMPLE205-rs000205	0.086782003	0.1714483019	-0.142684277	-0.1057453611	0.2055663495	0.1079653091	0.0001285118	-0.057581115	-0.3793403457	0.0999124474	-0.4280556278	-0.1738979087	0.2849551437	-0.1613333893
ENSGEXAMPLE206-rs000206	0.014457409	0.1034179375	0.093889536	-0.0007411782	0.1947459421	0.1024841737	-0.3569629122	-0.128412024	-0.121318388	0.2680629713	-0.0062130334	-0.0637649602	-0.4565962413	0.0680487137
ENSGEXAMPLE207-rs000207	-0.382193041	-0.4022321437	0.209111367	-0.1842361077	0.2915453356	-0.0241832383	0.1328045345	-0.057712943	0.2827733243	-0.1211900165	0.1228359855	0.3547636888	0.1228641225	0.0322659132
ENSGEXAMPLE208-rs000208	0.289964356	0.0612022003	-0.612807082	-0.1298305364	0.1824282267	0.0850720767	0.1718946378	0.198405934	0.461293812	-0.129776935	0.1560733749	-0.3400670164	0.1713477393	0.0860864026
ENSGEXAMPLE209-rs000209	0.044176215	-0.0523516169	-0.126317094	0.0875766274	0.449610559	-0.0118561504	-0.2012453888	0.192059704	-0.1397693726	0.1057561339	0.2262184963	-0.2665064168	0.0042142551	0.2764028806
ENSGEXAMPLE210-rs000210	-0.128036155	0.0795775543	-0.340883255	0.1323005687	0.2008409424	-0.4027715398	0.4950533652	-0.164970938	-0.1566788344	-0.0449163366	0.1234433412	-0.51093726	-0.0170449654	0.29879191
ENSGEXAMPLE211-rs000211	0.074199388	0.0189037361	-0.141419286	-0.0293723447	-0.0374753976	-0.4110024558	-0.113152846	0.399451544	0.1739971911	-0.1808735655	0.3177963478	0.2171277609	-0.2608493862	-0.0943931959
ENSGEXAMPLE212-rs000212	0.470004794	0.4198615114	-0.075874034	-0.0399358291	0.2425256854	-0.2786470794	0.0732317603	-0.002377677	-0.0218248988	0.0674004014	-0.2629734903	-0.0724700313	-0.3182945072	-0.1120698241
ENSGEXAMPLE213-rs000213	-0.221230796	-0.0905877749	0.10335795	-0.1661397798	-0.1592007472	0.1043254855	0.1554306429	0.006734133	0.3684852424	0.0096048397	-0.1232262224	0.1652282093	-0.0476451675	-0.3092183414
ENSGEXAMPLE214-rs000214	0.405067705	-0.0234785414	-0.297886882	-0.049439732	-0.119776844	0.0300954733	-0.1412221159	-0.226708818	-0.1385039497	-0.1295916821	-0.2219675943	0.3025893131	-0.1929773579	-0.3303879342
ENSGEXAMPLE215-rs000215	0.160221901	0.0828253879	-0.044709771	0.3670288778	0.2013201498	0.2884223611	0.432378312	0.244386228	-0.4407271508	0.5662374084	-0.0752641515	-0.1392176659	0.304617002	0.120187765
ENSGEXAMPLE216-rs000216	0.40228001	0.0663794712	0.018196685	-0.0582104415	-0.092424422	0.0058339896	0.1217849089	0.052826324	-0.0828150675	-0.0550367577	-0.1490539786	-0.4092700732	-0.0453300009	0.2294759424
ENSGEXAMPLE217-rs000217	0.377508198	0.071146212	0.151306998	0.1507349254	-0.0300886438	0.3722281659	0.0659053099	-0.16806926	-0.0995937598	-0.1001715653	-0.3976610268	-0.2289068747	0.2323594741	0.1187150275
ENSGEXAMPLE218-rs000218	0.461717731	0.0744064494	0.023667864	0.2432044667	0.2947356021	0.0129560722	0.1352419114	0.23952651	0.0993068586	-0.3061058254	0.3905817071	0.1599441738	0.1892672416	0.5518567841
ENSGEXAMPLE219-rs000219	0.354577358	-0.0942284246	0.180143986	-0.3472870796	0.2320572257	-0.0766019286	0.312347432	-0.344778677	0.2832037365	-0.2225482425	-0.036871463	0.0657661073	0.1555472722	0.017555036
ENSGEXAMPLE220-rs000220	-0.067762084	0.213675885	0.268682879	-0.1357829179	-0.0552207693	0.0703761012	-0.1774958456	0.092279858	-0.1984258132	-0.201481547	-0.0289503766	0.1984655722	-0.0242894538	-0.2529399953
ENSGEXAMPLE221-rs000221	-0.025915656	0.4969345032	-0.115237261	0.1803465643	0.3988402794	0.1146405997	-0.2804969019	0.17431015	0.1731238555	-0.3144535604	0.0910401452	0.3617109143	0.0008112889	0.1032652756
ENSGEXAMPLE222-rs000222	0.08033718	0.2219351308	-0.39661951	-0.1525773825	0.0092656583	0.0359688276	-0.1892599	0.262637882	0.4069136683	-0.143313076	-0.4466417597	0.1889081985	-0.0742500925	-0.3077248114
ENSGEXAMPLE223-rs000223	0.284823013	-0.1228226771	-0.054391175	0.0472162977	0.019980455	-0.3744389417	-0.0570881636	-0.251002975	-0.0926162076	0.1283037588	0.1900090143	0.1086116176	-0.2285638793	0.2306531956
ENSGEXAMPLE224-rs000224	0.008003647	-0.2362758746	0.063849804	-0.1169147676	-0.176090796	-0.4413352244	-0.0868119692	0.316290451	-0.0333316229	-0.0361935546	0.1832261042	0.2306994542	0.24427623	-0.0125368749
ENSGEXAMPLE225-rs000225	-0.03215637	0.2579404096	-0.094665932	0.213843445	-0.1335694434	0.2900399385	0.4296459053	0.384194494	0.030742395	-0.1847497739	0.091034033	-0.0555680471	0.0131855775	0.1006178913
ENSGEXAMPLE226-rs000226	-0.409387222	0.0390080685	0.382294297	-0.468531607	-0.0143553587	-0.2309339174	-0.3208277674	-0.095053013	-0.190111773	-0.3000526766	-0.402669475	0.0459155113	-0.0990162669	-0.1633670396
ENSGEXAMPLE227-rs000227	-0.32056332	0.364834935	-0.24134642	0.0092470115	0.0810858027	0.0723109275	-0.101194016	-0.285297492	-0.1181673957	0.0193306852	0.0896755459	-0.2764358792	-0.0879897298	0.0539628357
ENSGEXAMPLE228-rs000228	-0.106361286	-0.1093060413	-0.21356865	-0.1786955269	0.0189163254	0.1330828154	0.0813830574	-0.292667806	-0.2092640138	-0.2497937301	-0.1309475335	-0.0560620741	0.0060123091	-0.5312691032
ENSGEXAMPLE229-rs000229	0.121378384	-0.1871930487	0.267163348	0.563502702	-0.3065711533	0.6471493921	-0.2586169748	-0.164576321	0.2246856884	0.0009333411	-0.2169332314	-0.0010608965	-0.4150843234	0.3542441882
ENSGEXAMPLE230-rs000230	0.152310061	-0.3618346708	-0.044312584	-0.069064172	0.0532153179	-0.0923373896	-0.3685078876	-0.062301282	-0.0593184344	-0.0944886449	0.4236994553	0.0426742093	-0.3359639226	0.2548954959
ENSGEXAMPLE231-rs000231	0.836743082	-0.2352804779	0.498918364	0.3686873091	0.049934898	-0.0630957735	-0.0924845453	0.282022066	0.2339087118	-0.0122559982	-0.2095761391	0.1915445079	0.3686173661	-0.1467240932
ENSGEXAMPLE232-rs000232	0.143366217	-0.1249316767	0.352027994	-0.1581511983	0.1343395027	0.1384964265	0.2420026526	0.25474698	0.0626009828	0.2396042067	-0.1337414761	-0.256970052	0.2951513001	0.0249057879
ENSGEXAMPLE233-rs000233	0.179771127	-0.159341	-0.081702921	-0.1645713322	-0.1875263274	0.0806468201	0.1613267725	-0.508904647	-0.0508961392	-0.0990121664	0.3394109853	0.2005581592	-0.2816936593	-0.2279298956
ENSGEXAMPLE234-rs000234	0.012885044	-0.1550232906	-0.213237301	0.179176478	-0.0881599967	-0.0382664129	-0.2293003563	0.021667202	-0.079566749	0.0842340785	-0.123418266	-0.0067586072	0.141298291	0.1375012247
ENSGEXAMPLE235-rs000235	-0.419090711	-0.434580504	-0.191892841	-0.3561703442	-0.3408869298	0.1435344713	0.400121424	-0.149977632	-0.1539321987	0.0143627524	-0.1672102564	0.0847846831	-0.0463946468	0.0444911773
ENSGEXAMPLE236-rs000236	-0.356583925	0.4399997394	0.031332179	-0.1734187441	-0.0968464071	0.2377457618	0.0722947238	-0.292354232	0.0055166356	0.1913214815	0.042532528	-0.3636272245	0.2106949146	-0.1173638982
ENSGEXAMPLE237-rs000237	-0.158596376	-0.1228373446	-0.232390389	-0.3197503333	-0.4010894175	0.1814262517	-0.0884030815	-0.206148758	0.1691708949	-0.0813946895	0.212309379	-0.3285996906	0.0378463041	-0.256148084
ENSGEXAMPLE238-rs000238	0.05146682	-0.0630648883	-0.033469322	0.246926192	0.6899025012	0.1458712114	0.2458889967	0.238388931	0.1077900761	0.1168262909	-0.1353416937	0.1901307533	0.208777307	-0.0868481965
ENSGEXAMPLE239-rs000239	-0.206451849	-0.1977101694	-0.236740197	0.0236260166	-0.4236360829	-0.4544639043	0.3822135577	-0.16226742	0.3408296154	0.5820148397	0.0069795945	-0.0610017826	0.2738907054	0.2363485781
ENSGEXAMPLE240-rs000240	-0.41791824	0.0097690123	0.248572626	-0.3552723478	-0.1536967627	-0.2190213334	-0.085689921	0.056724849	0.0332058458	-0.0036414297	-0.1794646692	0.1959352166	0.0296580124	0.1296145299
