snp	female	male	combined_1	combined_2	combined_3
1_100001_A_G_b38	0.2	0.2	0.055	0.06	0.05
1_100002_A_G_b38	0.2	0.2	0.055	0.06	0.05
1_100003_A_G_b38	0.2	0.2	0.055	0.06	0.05
1_100004_A_G_b38	0.2	0.2	0.055	0.06	0.05
1_100005_A_G_b38	0.2	0.2	0.055	0.06	0.05
1_100006_A_G_b38	0.2	0.2	0.055	0.06	0.05
1_100007_A_G_b38	0.2	0.2	0.055	0.06	0.05
1_100008_A_G_b38	0.2	0.2	0.055	0.06	0.05
1_100009_A_G_b38	0.2	0.2	0.055	0.06	0.05
1_100010_A_G_b38	0.2	0.2	0.055	0.06	0.05
1_100011_A_G_b38	0.2	0.2	0.055	0.06	0.05
1_100012_A_G_b38	0.2	0.2	0.055	0.06	0.05
1_100013_A_G_b38	0.2	0.2	0.055	0.06	0.05
1_100014_A_G_b38	0.2	0.2	0.055	0.06	0.05
1_100015_A_G_b38	0.2	0.2	0.055	0.06	0.05
1_100016_A_G_b38	0.2	0.2	0.055	0.06	0.05
1_100017_A_G_b38	0.2	0.2	0.055	0.06	0.05
1_100018_A_G_b38	0.2	0.2	0.055	0.06	0.05
1_100019_A_G_b38	0.2	0.2	0.055	0.06	0.05
1_100020_A_G_b38	0.2	0.2	0.055	0.06	0.05
1_100021_A_G_b38	0.2	0.2	0.055	0.06	0.05
1_100022_A_G_b38	0.2	0.2	0.055	0.06	0.05
1_100023_A_G_b38	0.2	0.2	0.055	0.06	0.05
1_100024_A_G_b38	0.2	0.2	0.055	0.06	0.05
1_100025_A_G_b38	0.2	0.2	0.055	0.06	0.05
1_100026_A_G_b38	0.2	0.2	0.055	0.06	0.05
1_100027_A_G_b38	0.2	0.2	0.055	0.06	0.05
1_100028_A_G_b38	0.2	0.2	0.055	0.06	0.05
1_100029_A_G_b38	0.2	0.2	0.055	0.06	0.05
1_100030_A_G_b38	0.2	0.2	0.055	0.06	0.05
1_100031_A_G_b38	0.2	0.2	0.055	0.06	0.05
1_100032_A_G_b38	0.2	0.2	0.055	0.06	0.05
1_100033_A_G_b38	0.2	0.2	0.055	0.06	0.05
1_100034_A_G_b38	0.2	0.2	0.055	0.06	0.05
1_100035_A_G_b38	0.2	0.2	0.055	0.06	0.05
1_100036_A_G_b38	0.2	0.2	0.055	0.06	0.05
1_100037_A_G_b38	0.2	0.2	0.055	0.06	0.05
1_100038_A_G_b38	0.2	0.2	0.055	0.06	0.05
1_100039_A_G_b38	0.2	0.2	0.055	0.06	0.05
1_100040_A_G_b38	0.2	0.2	0.055	0.06	0.05
1_100041_A_G_b38	0.2	0.2	0.055	0.06	0.05
1_100042_A_G_b38	0.2	0.2	0.055	0.06	0.05
1_100043_A_G_b38	0.2	0.2	0.055	0.06	0.05
1_100044_A_G_b38	0.2	0.2	0.055	0.06	0.05
1_100045_A_G_b38	0.2	0.2	0.055	0.06	0.05
1_100046_A_G_b38	0.2	0.2	0.055	0.06	0.05
1_100047_A_G_b38	0.2	0.2	0.055	0.06	0.05
1_100048_A_G_b38	0.2	0.2	0.055	0.06	0.05
1_100049_A_G_b38	0.2	0.2	0.055	0.06	0.05
1_100050_A_G_b38	0.2	0.2	0.055	0.06	0.05
1_100051_A_G_b38	0.2	0.2	0.055	0.06	0.05
1_100052_A_G_b38	0.2	0.2	0.055	0.06	0.05
1_100053_A_G_b38	0.2	0.2	0.055	0.06	0.05
1_100054_A_G_b38	0.2	0.2	0.055	0.06	0.05
1_100055_A_G_b38	0.2	0.2	0.055	0.06	0.05
1_100056_A_G_b38	0.2	0.2	0.055	0.06	0.05
1_100057_A_G_b38	0.2	0.2	0.055	0.06	0.05
1_100058_A_G_b38	0.2	0.2	0.055	0.06	0.05
1_100059_A_G_b38	0.2	0.2	0.055	0.06	0.05
1_100060_A_G_b38	0.2	0.2	0.055	0.06	0.05
1_100061_A_G_b38	0.2	0.2	0.055	0.06	0.05
1_100062_A_G_b38	0.2	0.2	0.055	0.06	0.05
1_100063_A_G_b38	0.2	0.2	0.055	0.06	0.05
1_100064_A_G_b38	0.2	0.2	0.055	0.06	0.05
1_100065_A_G_b38	0.2	0.2	0.055	0.06	0.05
1_100066_A_G_b38	0.2	0.2	0.055	0.06	0.05
1_100067_A_G_b38	0.2	0.2	0.055	0.06	0.05
1_100068_A_G_b38	0.2	0.2	0.055	0.06	0.05
1_100069_A_G_b38	0.2	0.2	0.055	0.06	0.05
1_100070_A_G_b38	0.2	0.2	0.055	0.06	0.05
1_100071_A_G_b38	0.2	0.2	0.055	0.06	0.05
1_100072_A_G_b38	0.2	0.2	0.055	0.06	0.05
1_100073_A_G_b38	0.2	0.2	0.055	0.06	0.05
1_100074_A_G_b38	0.2	0.2	0.055	0.06	0.05
1_100075_A_G_b38	0.2	0.2	0.055	0.06	0.05
1_100076_A_G_b38	0.2	0.2	0.055	0.06	0.05
1_100077_A_G_b38	0.2	0.2	0.055	0.06	0.05
1_100078_A_G_b38	0.2	0.2	0.055	0.06	0.05
1_100079_A_G_b38	0.2	0.2	0.055	0.06	0.05
1_100080_A_G_b38	0.2	0.2	0.055	0.06	0.05
1_100081_A_G_b38	0.2	0.2	0.055	0.06	0.05
1_100082_A_G_b38	0.2	0.2	0.055	0.06	0.05
1_100083_A_G_b38	0.2	0.2	0.055	0.06	0.05
1_100084_A_G_b38	0.2	0.2	0.055	0.06	0.05
1_100085_A_G_b38	0.2	0.2	0.055	0.06	0.05
1_100086_A_G_b38	0.2	0.2	0.055	0.06	0.05
1_100087_A_G_b38	0.2	0.2	0.055	0.06	0.05
1_100088_A_G_b38	0.2	0.2	0.055	0.06	0.05
1_100089_A_G_b38	0.2	0.2	0.055	0.06	0.05
1_100090_A_G_b38	0.2	0.2	0.055	0.06	0.05
1_100091_A_G_b38	0.2	0.2	0.055	0.06	0.05
1_100092_A_G_b38	0.2	0.2	0.055	0.06	0.05
1_100093_A_G_b38	0.2	0.2	0.055	0.06	0.05
1_100094_A_G_b38	0.2	0.2	0.055	0.06	0.05
1_100095_A_G_b38	0.2	0.2	0.055	0.06	0.05
1_100096_A_G_b38	0.2	0.2	0.055	0.06	0.05
1_100097_A_G_b38	0.2	0.2	0.055	0.06	0.05
1_100098_A_G_b38	0.2	0.2	0.055	0.06	0.05
1_100099_A_G_b38	0.2	0.2	0.055	0.06	0.05
1_100100_A_G_b38	0.2	0.2	0.055	0.06	0.05
1_100101_A_G_b38	0.2	0.2	0.055	0.06	0.05
1_100102_A_G_b38	0.2	0.2	0.055	0.06	0.05
1_100103_A_G_b38	0.2	0.2	0.055	0.06	0.05
1_100104_A_G_b38	0.2	0.2	0.055	0.06	0.05
1_100105_A_G_b38	0.2	0.2	0.055	0.06	0.05
1_100106_A_G_b38	0.2	0.2	0.055	0.06	0.05
1_100107_A_G_b38	0.2	0.2	0.055	0.06	0.05
1_100108_A_G_b38	0.2	0.2	0.055	0.06	0.05
1_100109_A_G_b38	0.2	0.2	0.055	0.06	0.05
1_100110_A_G_b38	0.2	0.2	0.055	0.06	0.05
1_100111_A_G_b38	0.2	0.2	0.055	0.06	0.05
1_100112_A_G_b38	0.2	0.2	0.055	0.06	0.05
1_100113_A_G_b38	0.2	0.2	0.055	0.06	0.05
1_100114_A_G_b38	0.2	0.2	0.055	0.06	0.05
1_100115_A_G_b38	0.2	0.2	0.055	0.06	0.05
1_100116_A_G_b38	0.2	0.2	0.055	0.06	0.05
1_100117_A_G_b38	0.2	0.2	0.055	0.06	0.05
1_100118_A_G_b38	0.2	0.2	0.055	0.06	0.05
1_100119_A_G_b38	0.2	0.2	0.055	0.06	0.05
1_100120_A_G_b38	0.2	0.2	0.055	0.06	0.05
1_100121_A_G_b38	0.2	0.2	0.055	0.06	0.05
1_100122_A_G_b38	0.2	0.2	0.055	0.06	0.05
1_100123_A_G_b38	0.2	0.2	0.055	0.06	0.05
1_100124_A_G_b38	0.2	0.2	0.055	0.06	0.05
1_100125_A_G_b38	0.2	0.2	0.055	0.06	0.05
1_100126_A_G_b38	0.2	0.2	0.055	0.06	0.05
1_100127_A_G_b38	0.2	0.2	0.055	0.06	0.05
1_100128_A_G_b38	0.2	0.2	0.055	0.06	0.05
1_100129_A_G_b38	0.2	0.2	0.055	0.06	0.05
1_100130_A_G_b38	0.2	0.2	0.055	0.06	0.05
1_100131_A_G_b38	0.2	0.2	0.055	0.06	0.05
1_100132_A_G_b38	0.2	0.2	0.055	0.06	0.05
1_100133_A_G_b38	0.2	0.2	0.055	0.06	0.05
1_100134_A_G_b38	0.2	0.2	0.055	0.06	0.05
1_100135_A_G_b38	0.2	0.2	0.055	0.06	0.05
1_100136_A_G_b38	0.2	0.2	0.055	0.06	0.05
1_100137_A_G_b38	0.2	0.2	0.055	0.06	0.05
1_100138_A_G_b38	0.2	0.2	0.055	0.06	0.05
1_100139_A_G_b38	0.2	0.2	0.055	0.06	0.05
1_100140_A_G_b38	0.2	0.2	0.055	0.06	0.05
1_100141_A_G_b38	0.2	0.2	0.055	0.06	0.05
1_100142_A_G_b38	0.2	0.2	0.055	0.06	0.05
1_100143_A_G_b38	0.2	0.2	0.055	0.06	0.05
1_100144_A_G_b38	0.2	0.2	0.055	0.06	0.05
1_100145_A_G_b38	0.2	0.2	0.055	0.06	0.05
1_100146_A_G_b38	0.2	0.2	0.055	0.06	0.05
1_100147_A_G_b38	0.2	0.2	0.055	0.06	0.05
1_100148_A_G_b38	0.2	0.2	0.055	0.06	0.05
1_100149_A_G_b38	0.2	0.2	0.055	0.06	0.05
1_100150_A_G_b38	0.2	0.2	0.055	0.06	0.05
1_100151_A_G_b38	0.2	0.2	0.055	0.06	0.05
1_100152_A_G_b38	0.2	0.2	0.055	0.06	0.05
1_100153_A_G_b38	0.2	0.2	0.055	0.06	0.05
1_100154_A_G_b38	0.2	0.2	0.055	0.06	0.05
1_100155_A_G_b38	0.2	0.2	0.055	0.06	0.05
1_100156_A_G_b38	0.2	0.2	0.055	0.06	0.05
1_100157_A_G_b38	0.2	0.2	0.055	0.06	0.05
1_100158_A_G_b38	0.2	0.2	0.055	0.06	0.05
1_100159_A_G_b38	0.2	0.2	0.055	0.06	0.05
1_100160_A_G_b38	0.2	0.2	0.055	0.06	0.05
1_100161_A_G_b38	0.2	0.2	0.055	0.06	0.05
1_100162_A_G_b38	0.2	0.2	0.055	0.06	0.05
1_100163_A_G_b38	0.2	0.2	0.055	0.06	0.05
1_100164_A_G_b38	0.2	0.2	0.055	0.06	0.05
1_100165_A_G_b38	0.2	0.2	0.055	0.06	0.05
1_100166_A_G_b38	0.2	0.2	0.055	0.06	0.05
1_100167_A_G_b38	0.2	0.2	0.055	0.06	0.05
1_100168_A_G_b38	0.2	0.2	0.055	0.06	0.05
1_100169_A_G_b38	0.2	0.2	0.055	0.06	0.05
1_100170_A_G_b38	0.2	0.2	0.055	0.06	0.05
1_100171_A_G_b38	0.2	0.2	0.055	0.06	0.05
1_100172_A_G_b38	0.2	0.2	0.055	0.06	0.05
1_100173_A_G_b38	0.2	0.2	0.055	0.06	0.05
1_100174_A_G_b38	0.2	0.2	0.055	0.06	0.05
1_100175_A_G_b38	0.2	0.2	0.055	0.06	0.05
1_100176_A_G_b38	0.2	0.2	0.055	0.06	0.05
1_100177_A_G_b38	0.2	0.2	0.055	0.06	0.05
1_100178_A_G_b38	0.2	0.2	0.055	0.06	0.05
1_100179_A_G_b38	0.2	0.2	0.055	0.06	0.05
1_100180_A_G_b38	0.2	0.2	0.055	0.06	0.05
1_100181_A_G_b38	0.2	0.2	0.055	0.06	0.05
1_100182_A_G_b38	0.2	0.2	0.055	0.06	0.05
1_100183_A_G_b38	0.2	0.2	0.055	0.06	0.05
1_100184_A_G_b38	0.2	0.2	0.055	0.06	0.05
1_100185_A_G_b38	0.2	0.2	0.055	0.06	0.05
1_100186_A_G_b38	0.2	0.2	0.055	0.06	0.05
1_100187_A_G_b38	0.2	0.2	0.055	0.06	0.05
1_100188_A_G_b38	0.2	0.2	0.055	0.06	0.05
1_100189_A_G_b38	0.2	0.2	0.055	0.06	0.05
1_100190_A_G_b38	0.2	0.2	0.055	0.06	0.05
1_100191_A_G_b38	0.2	0.2	0.055	0.06	0.05
1_100192_A_G_b38	0.2	0.2	0.055	0.06	0.05
1_100193_A_G_b38	0.2	0.2	0.055	0.06	0.05
1_100194_A_G_b38	0.2	0.2	0.055	0.06	0.05
1_100195_A_G_b38	0.2	0.2	0.055	0.06	0.05
1_100196_A_G_b38	0.2	0.2	0.055	0.06	0.05
1_100197_A_G_b38	0.2	0.2	0.055	0.06	0.05
1_100198_A_G_b38	0.2	0.2	0.055	0.06	0.05
1_100199_A_G_b38	0.2	0.2	0.055	0.06	0.05
1_100200_A_G_b38	0.2	0.2	0.055	0.06	0.05
1_100201_A_G_b38	0.2	0.2	0.055	0.06	0.05
1_100202_A_G_b38	0.2	0.2	0.055	0.06	0.05
1_100203_A_G_b38	0.2	0.2	0.055	0.06	0.05
1_100204_A_G_b38	0.2	0.2	0.055	0.06	0.05
1_100205_A_G_b38	0.2	0.2	0.055	0.06	0.05
1_100206_A_G_b38	0.2	0.2	0.055	0.06	0.05
1_100207_A_G_b38	0.2	0.2	0.055	0.06	0.05
1_100208_A_G_b38	0.2	0.2	0.055	0.06	0.05
1_100209_A_G_b38	0.2	0.2	0.055	0.06	0.05
1_100210_A_G_b38	0.2	0.2	0.055	0.06	0.05
1_100211_A_G_b38	0.2	0.2	0.055	0.06	0.05
1_100212_A_G_b38	0.2	0.2	0.055	0.06	0.05
1_100213_A_G_b38	0.2	0.2	0.055	0.06	0.05
1_100214_A_G_b38	0.2	0.2	0.055	0.06	0.05
1_100215_A_G_b38	0.2	0.2	0.055	0.06	0.05
1_100216_A_G_b38	0.2	0.2	0.055	0.06	0.05
1_100217_A_G_b38	0.2	0.2	0.055	0.06	0.05
1_100218_A_G_b38	0.2	0.2	0.055	0.06	0.05
1_100219_A_G_b38	0.2	0.2	0.055	0.06	0.05
1_100220_A_G_b38	0.2	0.2	0.055	0.06	0.05
1_100221_A_G_b38	0.2	0.2	0.055	0.06	0.05
1_100222_A_G_b38	0.2	0.2	0.055	0.06	0.05
1_100223_A_G_b38	0.2	0.2	0.055	0.06	0.05
1_100224_A_G_b38	0.2	0.2	0.055	0.06	0.05
1_100225_A_G_b38	0.2	0.2	0.055	0.06	0.05
1_100226_A_G_b38	0.2	0.2	0.055	0.06	0.05
1_100227_A_G_b38	0.2	0.2	0.055	0.06	0.05
1_100228_A_G_b38	0.2	0.2	0.055	0.06	0.05
1_100229_A_G_b38	0.2	0.2	0.055	0.06	0.05
1_100230_A_G_b38	0.2	0.2	0.055	0.06	0.05
1_100231_A_G_b38	0.2	0.2	0.055	0.06	0.05
1_100232_A_G_b38	0.2	0.2	0.055	0.06	0.05
1_100233_A_G_b38	0.2	0.2	0.055	0.06	0.05
1_100234_A_G_b38	0.2	0.2	0.055	0.06	0.05
1_100235_A_G_b38	0.2	0.2	0.055	0.06	0.05
1_100236_A_G_b38	0.2	0.2	0.055	0.06	0.05
1_100237_A_G_b38	0.2	0.2	0.055	0.06	0.05
1_100238_A_G_b38	0.2	0.2	0.055	0.06	0.05
1_100239_A_G_b38	0.2	0.2	0.055	0.06	0.05
1_100240_A_G_b38	0.2	0.2	0.055	0.06	0.05
1_100241_A_G_b38	0.2	0.2	0.055	0.06	0.05
1_100242_A_G_b38	0.2	0.2	0.055	0.06	0.05
1_100243_A_G_b38	0.2	0.2	0.055	0.06	0.05
1_100244_A_G_b38	0.2	0.2	0.055	0.06	0.05
1_100245_A_G_b38	0.2	0.2	0.055	0.06	0.05
1_100246_A_G_b38	0.2	0.2	0.055	0.06	0.05
1_100247_A_G_b38	0.2	0.2	0.055	0.06	0.05
1_100248_A_G_b38	0.2	0.2	0.055	0.06	0.05
1_100249_A_G_b38	0.2	0.2	0.055	0.06	0.05
1_100250_A_G_b38	0.2	0.2	0.055	0.06	0.05
1_100251_A_G_b38	0.2	0.2	0.055	0.06	0.05
1_100252_A_G_b38	0.2	0.2	0.055	0.06	0.05
1_100253_A_G_b38	0.2	0.2	0.055	0.06	0.05
1_100254_A_G_b38	0.2	0.2	0.055	0.06	0.05
1_100255_A_G_b38	0.2	0.2	0.055	0.06	0.05
1_100256_A_G_b38	0.2	0.2	0.055	0.06	0.05
1_100257_A_G_b38	0.2	0.2	0.055	0.06	0.05
1_100258_A_G_b38	0.2	0.2	0.055	0.06	0.05
1_100259_A_G_b38	0.2	0.2	0.055	0.06	0.05
1_100260_A_G_b38	0.2	0.2	0.055	0.06	0.05
1_100261_A_G_b38	0.2	0.2	0.055	0.06	0.05
1_100262_A_G_b38	0.2	0.2	0.055	0.06	0.05
1_100263_A_G_b38	0.2	0.2	0.055	0.06	0.05
1_100264_A_G_b38	0.2	0.2	0.055	0.06	0.05
1_100265_A_G_b38	0.2	0.2	0.055	0.06	0.05
1_100266_A_G_b38	0.2	0.2	0.055	0.06	0.05
1_100267_A_G_b38	0.2	0.2	0.055	0.06	0.05
1_100268_A_G_b38	0.2	0.2	0.055	0.06	0.05
1_100269_A_G_b38	0.2	0.2	0.055	0.06	0.05
1_100270_A_G_b38	0.2	0.2	0.055	0.06	0.05
1_100271_A_G_b38	0.2	0.2	0.055	0.06	0.05
1_100272_A_G_b38	0.2	0.2	0.055	0.06	0.05
1_100273_A_G_b38	0.2	0.2	0.055	0.06	0.05
1_100274_A_G_b38	0.2	0.2	0.055	0.06	0.05
1_100275_A_G_b38	0.2	0.2	0.055	0.06	0.05
1_100276_A_G_b38	0.2	0.2	0.055	0.06	0.05
1_100277_A_G_b38	0.2	0.2	0.055	0.06	0.05
1_100278_A_G_b38	0.2	0.2	0.055	0.06	0.05
1_100279_A_G_b38	0.2	0.2	0.055	0.06	0.05
1_100280_A_G_b38	0.2	0.2	0.055	0.06	0.05
1_100281_A_G_b38	0.2	0.2	0.055	0.06	0.05
1_100282_A_G_b38	0.2	0.2	0.055	0.06	0.05
1_100283_A_G_b38	0.2	0.2	0.055	0.06	0.05
1_100284_A_G_b38	0.2	0.2	0.055	0.06	0.05
1_100285_A_G_b38	0.2	0.2	0.055	0.06	0.05
1_100286_A_G_b38	0.2	0.2	0.055	0.06	0.05
1_100287_A_G_b38	0.2	0.2	0.055	0.06	0.05
1_100288_A_G_b38	0.2	0.2	0.055	0.06	0.05
1_100289_A_G_b38	0.2	0.2	0.055	0.06	0.05
1_100290_A_G_b38	0.2	0.2	0.055	0.06	0.05
1_100291_A_G_b38	0.2	0.2	0.055	0.06	0.05
1_100292_A_G_b38	0.2	0.2	0.055	0.06	0.05
1_100293_A_G_b38	0.2	0.2	0.055	0.06	0.05
1_100294_A_G_b38	0.2	0.2	0.055	0.06	0.05
1_100295_A_G_b38	0.2	0.2	0.055	0.06	0.05
1_100296_A_G_b38	0.2	0.2	0.055	0.06	0.05
1_100297_A_G_b38	0.2	0.2	0.055	0.06	0.05
1_100298_A_G_b38	0.2	0.2	0.055	0.06	0.05
1_100299_A_G_b38	0.2	0.2	0.055	0.06	0.05
1_100300_A_G_b38	0.2	0.2	0.055	0.06	0.05
