snp	beta.female	beta.male
1_100001_A_G_b38	-0.0879360032871208	-0.048212380878593
1_100002_A_G_b38	-0.221528164400052	-0.241503011024579
1_100003_A_G_b38	-0.101267555981262	0.0142159697089513
1_100004_A_G_b38	-0.202715872282134	-0.268219232349644
1_100005_A_G_b38	-0.109628126064567	-0.164833906576334
1_100006_A_G_b38	0.0455065043240221	0.0227630496404662
1_100007_A_G_b38	0.15407447271226	0.0366875638217315
1_100008_A_G_b38	0.0653738047647847	0.0908213719223532
1_100009_A_G_b38	0.121020254946132	0.199788037734849
1_100010_A_G_b38	-0.0190486382075477	0.0630952295790178
1_100011_A_G_b38	0.262924038570467	0.323718733735884
1_100012_A_G_b38	-0.0308538695031581	0.0321968476960197
1_100013_A_G_b38	-0.191592895138936	-0.102703500411398
1_100014_A_G_b38	0.228949658853598	0.279608866312071
1_100015_A_G_b38	-0.057809321652127	0.0134095600733687
1_100016_A_G_b38	0.104586058597124	0.0576414489919097
1_100017_A_G_b38	-0.09838796751864	-0.0819390884302842
1_100018_A_G_b38	-0.309730949971629	-0.229598593834385
1_100019_A_G_b38	-0.133298299672449	-0.0710094145277783
1_100020_A_G_b38	-0.0574500796522753	-0.126651440307058
1_100021_A_G_b38	0.0872962793687497	0.0977894725892287
1_100022_A_G_b38	-0.294068766378671	-0.373356311278703
1_100023_A_G_b38	-0.0511375560219994	0.0419990783320378
1_100024_A_G_b38	-0.0794884385249538	-0.116208754450012
1_100025_A_G_b38	0.244614432938552	0.159221547699285
1_100026_A_G_b38	0.236195044333839	0.190276075275794
1_100027_A_G_b38	0.0825583408232713	0.0389383022357017
1_100028_A_G_b38	0.040014288086044	0.108211309687686
1_100029_A_G_b38	-0.00398068188258853	0.0487751776271806
1_100030_A_G_b38	-0.180303216377465	-0.120983781252868
1_100031_A_G_b38	0.119972373464544	0.13502646019212
1_100032_A_G_b38	-0.111503729689121	-0.161944923405642
1_100033_A_G_b38	-0.0786300783933733	-0.10316139501154
1_100034_A_G_b38	-0.24209023573244	-0.397343067812788
1_100035_A_G_b38	0.152151439243939	0.075849051756724
1_100036_A_G_b38	-0.0442992834018159	-0.0648362455964881
1_100037_A_G_b38	0.10205111963707	0.110337422641913
1_100038_A_G_b38	-0.208179026536566	-0.159435377355296
1_100039_A_G_b38	-0.0272721392629907	-0.109288358853318
1_100040_A_G_b38	0.106102312166679	0.0799847015242765
1_100041_A_G_b38	0.0621142748195643	0.0930952856915486
1_100042_A_G_b38	0.157342896005779	0.171846129078563
1_100043_A_G_b38	0.141229867923005	0.211481146944685
1_100044_A_G_b38	0.0988997473768832	0.0348091237972421
1_100045_A_G_b38	-0.202603395392737	-0.256724454644282
1_100046_A_G_b38	-0.0680305888248421	0.0576005205327519
1_100047_A_G_b38	0.387888479916046	0.172571725312031
1_100048_A_G_b38	0.155906176205566	0.281766493758389
1_100049_A_G_b38	0.0527703075395803	0.19758031009521
1_100050_A_G_b38	0.139026786518261	0.197143246277133
1_100051_A_G_b38	-0.272301127342542	-0.0397905934035883
1_100052_A_G_b38	-0.0293306766670757	-0.0702590198916576
1_100053_A_G_b38	0.172565069132205	0.146203174774696
1_100054_A_G_b38	0.00100084979576408	0.0387828307705133
1_100055_A_G_b38	-0.169186500757402	-0.241051268913033
1_100056_A_G_b38	-0.20340549173621	-0.22770351064867
1_100057_A_G_b38	-0.337626599595457	-0.502062366515985
1_100058_A_G_b38	-0.196342793853224	-0.194760988853634
1_100059_A_G_b38	0.0863468731971161	0.112745072141231
1_100060_A_G_b38	0.134050047883104	-0.0218173006412032
1_100061_A_G_b38	-0.100198015742535	-0.166406634031698
1_100062_A_G_b38	0.174985972220561	0.158362011713113
1_100063_A_G_b38	0.0308506159784325	0.100500277452784
1_100064_A_G_b38	-0.064357824092265	-0.0328588778961718
1_100065_A_G_b38	-0.0317947285341976	-0.0665774734384811
1_100066_A_G_b38	-0.233212896775502	-0.220762011106606
1_100067_A_G_b38	0.0813394861741677	0.0569265333213564
1_100068_A_G_b38	0.0192313966594531	-0.0473929549646111
1_100069_A_G_b38	-0.167809585781396	-0.321800342409287
1_100070_A_G_b38	-0.10021857428103	-0.153858945796609
1_100071_A_G_b38	-0.20063254419451	-0.268547485239513
1_100072_A_G_b38	-0.175291591005711	-0.23315102602564
1_100073_A_G_b38	0.0400280969603395	0.00512188967020329
1_100074_A_G_b38	0.156601714527277	0.108566425479559
1_100075_A_G_b38	0.142466415366137	0.176597767395045
1_100076_A_G_b38	0.10157123247587	0.136487544556134
1_100077_A_G_b38	0.394935367448761	0.427258394955608
1_100078_A_G_b38	0.18325323824205	0.201524067963788
1_100079_A_G_b38	0.0493951907162255	0.164917153190059
1_100080_A_G_b38	0.299422034554505	0.413795608477619
1_100081_A_G_b38	0.0783301729217398	0.0290466191302198
1_100082_A_G_b38	-0.00196177046680233	0.0173373941707279
1_100083_A_G_b38	0.446657904215803	0.342435738611207
1_100084_A_G_b38	0.155569060702375	0.0634847711058526
1_100085_A_G_b38	0.04466892150845	-0.10101175982841
1_100086_A_G_b38	-0.00356645956293862	-0.0381844750513129
1_100087_A_G_b38	-0.187924331718963	-0.211249880399084
1_100088_A_G_b38	0.0643415727436313	0.10537649477586
1_100089_A_G_b38	0.0236182333672792	0.0810467487528467
1_100090_A_G_b38	0.201579667743541	0.245713556954881
1_100091_A_G_b38	-0.142694948594194	-0.143581422541471
1_100092_A_G_b38	-0.182576128454344	-0.211474744089596
1_100093_A_G_b38	0.00281966181885076	0.178364774637806
1_100094_A_G_b38	-0.0949696190751586	-0.194927013497816
1_100095_A_G_b38	0.000843390764115314	0.0882199002129707
1_100096_A_G_b38	0.113922887193802	0.148664993251631
1_100097_A_G_b38	0.0211765313767792	-0.183010934342152
1_100098_A_G_b38	-0.196299167708465	-0.335750694965275
1_100099_A_G_b38	-0.113598294619437	-0.0441636024334672
1_100100_A_G_b38	-0.250572082558725	-0.0837693121099659
1_100101_A_G_b38	-0.0230711582659452	-0.10290527172085
1_100102_A_G_b38	0.0986358444757563	0.2073138346657
1_100103_A_G_b38	0.145080779489363	0.108366168029137
1_100104_A_G_b38	0.122691679200932	0.120950133973585
1_100105_A_G_b38	0.172107833789849	0.138353273453477
1_100106_A_G_b38	0.0115763084819278	0.00482678339646485
1_100107_A_G_b38	-0.0817642820985579	-0.0714478143033663
1_100108_A_G_b38	-0.0907567953798023	-0.087921291236466
1_100109_A_G_b38	-0.285571520965755	-0.302326401289859
1_100110_A_G_b38	-0.231057171200712	-0.237113336870126
1_100111_A_G_b38	-0.0677707580166729	-0.113048642893704
1_100112_A_G_b38	-0.117798044166995	-0.157340650704932
1_100113_A_G_b38	-0.00607754350844233	-0.0890524718015229
1_100114_A_G_b38	0.275844303823974	0.263300273672296
1_100115_A_G_b38	-0.145020263011968	-0.0963904358463069
1_100116_A_G_b38	-0.143076458613296	-0.0886024543029899
1_100117_A_G_b38	0.0420593259005427	-0.0447417507046088
1_100118_A_G_b38	0.168573113743707	0.163569768575006
1_100119_A_G_b38	0.0673544536102878	0.022738589342034
1_100120_A_G_b38	0.120987545522536	0.173039794962278
1_100121_A_G_b38	-0.136689140049231	-0.247083007725289
1_100122_A_G_b38	-0.271827290045479	-0.331940344009519
1_100123_A_G_b38	-0.00599838762674604	0.0229364061940028
1_100124_A_G_b38	-0.104693516626121	-0.15048392495603
1_100125_A_G_b38	0.132887788206169	0.157438376725961
1_100126_A_G_b38	0.0113065442153862	0.0594942181643317
1_100127_A_G_b38	-0.243003912981223	-0.235933252896545
1_100128_A_G_b38	-0.204751605121067	-0.162868384665183
1_100129_A_G_b38	0.085836904034995	0.082122964007149
1_100130_A_G_b38	-0.0470079277702704	0.0535768412769287
1_100131_A_G_b38	0.0709470959232082	0.0803209647434002
1_100132_A_G_b38	-0.018950240749635	-0.047653949274789
1_100133_A_G_b38	0.262530752301248	0.256427214501444
1_100134_A_G_b38	-0.100772696938101	-0.0142898164166913
1_100135_A_G_b38	0.0979961624428811	0.109226135624373
1_100136_A_G_b38	-0.152951160538074	-0.186539361354103
1_100137_A_G_b38	-0.397512148550901	-0.415324921417367
1_100138_A_G_b38	-0.0570206545588026	-0.0898173051798398
1_100139_A_G_b38	0.142301005987777	0.071456429251767
1_100140_A_G_b38	0.0535842140149291	0.201606319223216
1_100141_A_G_b38	0.0591614770179923	0.0931756823772833
1_100142_A_G_b38	0.105385260699577	0.158936841166018
1_100143_A_G_b38	0.101725057555532	0.0777253158755011
1_100144_A_G_b38	-0.205488692576526	-0.0966152688765253
1_100145_A_G_b38	-0.180951354923994	-0.00241162267769168
1_100146_A_G_b38	0.0541747339489743	0.101439456679044
1_100147_A_G_b38	0.263791056217803	0.257155161461176
1_100148_A_G_b38	0.326573629362194	0.193344713830133
1_100149_A_G_b38	0.0825359772068347	0.000463975458127555
1_100150_A_G_b38	0.188589527459226	0.268370385644601
1_100151_A_G_b38	0.442283016612216	0.352193406972283
1_100152_A_G_b38	0.106783181431024	0.22098674042733
1_100153_A_G_b38	-0.0501275506879067	-0.0498314681415577
1_100154_A_G_b38	0.0752957353576171	0.103924096002178
1_100155_A_G_b38	0.0842209044410294	0.129826252639768
1_100156_A_G_b38	0.0339075661056033	-0.0469387596180218
1_100157_A_G_b38	-0.021467786281554	-0.0275318273428635
1_100158_A_G_b38	-0.099655517476873	-0.144892657725534
1_100159_A_G_b38	0.262161152673732	0.226037878126427
1_100160_A_G_b38	-0.0892460892377804	-0.161485955263809
1_100161_A_G_b38	-0.0891422903827903	-0.0874737855323078
1_100162_A_G_b38	0.121886009062185	0.0542600198163323
1_100163_A_G_b38	0.148349449365208	0.201346495256748
1_100164_A_G_b38	-0.0365163667660281	-0.0154700773075406
1_100165_A_G_b38	-0.0711169840189332	0.0678968223210677
1_100166_A_G_b38	0.166099545107984	0.06653846926334
1_100167_A_G_b38	-0.0512336390683598	-0.130617290673989
1_100168_A_G_b38	-0.0436046216814621	-0.0999168345366021
1_100169_A_G_b38	0.148001373216126	0.246267583417264
1_100170_A_G_b38	0.197916025392066	0.14149274137981
1_100171_A_G_b38	0.322216450422073	0.208178079686382
1_100172_A_G_b38	0.0770683129958821	0.0416988381319955
1_100173_A_G_b38	0.155433835945635	0.198656545393505
1_100174_A_G_b38	0.138584461722497	0.198351749855517
1_100175_A_G_b38	-0.247025701049441	-0.331230205175909
1_100176_A_G_b38	0.267032281544377	0.203167990874653
1_100177_A_G_b38	0.347596109356217	0.325212787810946
1_100178_A_G_b38	0.391185282064265	0.407551209776796
1_100179_A_G_b38	0.239743148321983	0.186948133654368
1_100180_A_G_b38	-0.247266126669395	-0.277137356078586
1_100181_A_G_b38	-0.128441193655878	-0.0324470974206768
1_100182_A_G_b38	-0.00163588960928405	-0.0773979460021639
1_100183_A_G_b38	-0.0198267372299101	-0.113458094644416
1_100184_A_G_b38	-0.540301666485221	-0.51008115876682
1_100185_A_G_b38	-0.0525023439296222	-0.0821703867279616
1_100186_A_G_b38	-0.0740854920230241	-0.0250639054576744
1_100187_A_G_b38	-0.291559578328647	-0.333352145494098
1_100188_A_G_b38	-0.0245060736823565	-0.0646715330133301
1_100189_A_G_b38	0.00642070218395424	0.0316247514541233
1_100190_A_G_b38	-0.056589947948361	-0.0373994880852405
1_100191_A_G_b38	0.127137178044621	0.238346673011993
1_100192_A_G_b38	-0.154714868207582	0.0191605681658481
1_100193_A_G_b38	0.151728058882813	0.22181276254746
1_100194_A_G_b38	0.0221336810803861	-0.0244665901991604
1_100195_A_G_b38	0.166357563563777	0.13908106520142
1_100196_A_G_b38	0.139809511691117	0.272368609968649
1_100197_A_G_b38	-0.179905639391488	-0.170764236738987
1_100198_A_G_b38	-0.0837056581707742	-0.12530835684719
1_100199_A_G_b38	0.158743822684814	0.190012170710696
1_100200_A_G_b38	0.0727833508040776	0.1636582024235
1_100201_A_G_b38	-0.282879143505811	-0.30524229150765
1_100202_A_G_b38	0.0961584557580552	0.0120513246272963
1_100203_A_G_b38	-0.150858945110305	-0.160796424699423
1_100204_A_G_b38	0.0501086629620424	0.048765731154168
1_100205_A_G_b38	0.303033974082179	0.285355888685088
1_100206_A_G_b38	0.274441667796091	0.185452161251852
1_100207_A_G_b38	-0.049601145701181	-0.11143400374644
1_100208_A_G_b38	-0.194428827265941	-0.0584340581729811
1_100209_A_G_b38	0.202136531711593	0.141016206902034
1_100210_A_G_b38	0.0479820523878211	0.000993799491630448
1_100211_A_G_b38	-0.0678390161490323	-0.0280307281177003
1_100212_A_G_b38	0.140658857958904	0.113608688210926
1_100213_A_G_b38	0.226947448619848	0.189695664388423
1_100214_A_G_b38	0.0778786968717861	0.0984896100072859
1_100215_A_G_b38	-0.0140506356090581	-0.117937198461293
1_100216_A_G_b38	-0.110425411321625	-0.175373049738225
1_100217_A_G_b38	0.16390483984185	0.232337994707859
1_100218_A_G_b38	0.112750858382668	0.0939356024609396
1_100219_A_G_b38	0.111667698769383	0.207767475651042
1_100220_A_G_b38	0.289373561631132	0.259089193487978
1_100221_A_G_b38	0.152279591829189	0.103372697291
1_100222_A_G_b38	-0.0926686741701876	-0.0547227605985818
1_100223_A_G_b38	-0.138586766822025	-0.167711050381863
1_100224_A_G_b38	0.204196258535804	0.158523335511081
1_100225_A_G_b38	-0.117237704678018	-0.140815587069089
1_100226_A_G_b38	-0.210855383184833	-0.392916171917016
1_100227_A_G_b38	-0.221982538348126	-0.279736721332994
1_100228_A_G_b38	0.0885568719268601	0.00986709498154342
1_100229_A_G_b38	0.0850345647062545	0.200602330988401
1_100230_A_G_b38	-0.10493522352612	-0.0517926143573852
1_100231_A_G_b38	-0.0306575289417825	0.0156113848898845
1_100232_A_G_b38	0.138555956796969	0.157543628256463
1_100233_A_G_b38	-0.104012969986494	-0.100755177863758
1_100234_A_G_b38	-0.0552044553601334	0.0165179149245868
1_100235_A_G_b38	-0.0540566606876845	-0.0805184775252893
1_100236_A_G_b38	-0.0159321076897366	-0.0600322337258346
1_100237_A_G_b38	0.235789769710298	0.203419850503921
1_100238_A_G_b38	-0.092686434433646	-0.0995607819491298
1_100239_A_G_b38	0.0402473920259443	0.0933580578397725
1_100240_A_G_b38	-0.0949463275524636	-0.123593647062445
1_100241_A_G_b38	-0.0463794808646393	0.0424029907882233
1_100242_A_G_b38	0.0777601080634899	0.141587438529137
1_100243_A_G_b38	0.0700502364484535	0.0433031796566036
1_100244_A_G_b38	0.156090557006204	0.175450415445896
1_100245_A_G_b38	-0.1009027514271	-0.125376767011105
1_100246_A_G_b38	-0.12459868300829	-0.0791836515005263
1_100247_A_G_b38	-0.12424406335968	0.0216683711560535
1_100248_A_G_b38	-0.0350667292417764	-0.039367881575736
1_100249_A_G_b38	0.223576669315015	0.299924435287481
1_100250_A_G_b38	-0.051540086592364	-0.0843141958159963
1_100251_A_G_b38	-0.109615131752351	-0.00576359769319348
1_100252_A_G_b38	0.125887948141381	0.0967047628625086
1_100253_A_G_b38	-0.0817872945775705	-0.0707817226367934
1_100254_A_G_b38	0.0564485284880197	0.179458548535881
1_100255_A_G_b38	-0.207762299581786	-0.261621131309322
1_100256_A_G_b38	-0.0892182207262185	-0.102184617533576
1_100257_A_G_b38	0.0839086449226944	0.0822078511721362
1_100258_A_G_b38	-0.177377429845762	-0.12784215606942
1_100259_A_G_b38	0.181799343284165	0.203508074520239
1_100260_A_G_b38	-0.34487730858364	-0.325605200847393
1_100261_A_G_b38	0.0763606705928357	0.0769326161894279
1_100262_A_G_b38	-0.0524429596799273	-0.0748934070154575
1_100263_A_G_b38	0.218681493974181	0.214651332998788
1_100264_A_G_b38	0.0646058584839129	-0.00418853789768847
1_100265_A_G_b38	0.174410855153651	0.170232104180491
1_100266_A_G_b38	-0.0287761199973426	0.10154981048981
1_100267_A_G_b38	0.107682431803754	0.156288077095459
1_100268_A_G_b38	0.373884557259169	0.541056624853008
1_100269_A_G_b38	0.150413746226111	0.147474159725852
1_100270_A_G_b38	-0.188465491850437	-0.285335114731452
1_100271_A_G_b38	-0.309509374120905	-0.256638778522942
1_100272_A_G_b38	0.13273825075034	0.120208191431848
1_100273_A_G_b38	0.00195491752116499	-0.0378745330687495
1_100274_A_G_b38	-0.145392999712246	-0.124805392313758
1_100275_A_G_b38	-0.11489317778757	-0.0431236845023885
1_100276_A_G_b38	0.0819252883236884	0.126003183801138
1_100277_A_G_b38	0.245511947637702	0.273318483397096
1_100278_A_G_b38	0.0325093316922721	0.0614210430975619
1_100279_A_G_b38	-0.175609883512498	-0.159409961312462
1_100280_A_G_b38	-0.129624542481748	-0.279216317582422
1_100281_A_G_b38	0.0890866713201054	0.00180869902917473
1_100282_A_G_b38	0.114268285415442	0.130158503818201
1_100283_A_G_b38	0.0244267564445387	0.032026417058643
1_100284_A_G_b38	0.240199643868888	0.219135540923573
1_100285_A_G_b38	-0.0443420617023031	-0.00286116394009488
1_100286_A_G_b38	-0.328798129287069	-0.157721907977059
1_100287_A_G_b38	-0.0853320929660309	-0.00349190496935099
1_100288_A_G_b38	-0.0802222431243543	-0.0331445669730236
1_100289_A_G_b38	-0.0811505240060397	-0.172298200999624
1_100290_A_G_b38	-0.318499700729419	-0.364217863419776
1_100291_A_G_b38	-0.119825836178784	-0.135109038927533
1_100292_A_G_b38	0.270750957863692	0.332698179398375
1_100293_A_G_b38	-0.197645962431379	-0.180485115771829
1_100294_A_G_b38	-0.00246228047549063	-0.0165778689045165
1_100295_A_G_b38	0.0385766997236741	-0.0555401443174347
1_100296_A_G_b38	0.0356635440336091	0.133328043239381
1_100297_A_G_b38	-0.162059276731378	-0.16850229355392
1_100298_A_G_b38	0.221866651525271	0.249519019868288
1_100299_A_G_b38	-0.218472912715988	-0.217327650240532
1_100300_A_G_b38	-0.151218243335958	-0.155523745883173
