snp	beta.female	beta.male	se.female	se.male
1_100001_A_G_b38	-0.0571523132917652	-0.0790615146813613	0.1078496403645	0.0986456683977105
1_100002_A_G_b38	-0.254011128904185	-0.173694903020621	0.1078496403645	0.0986456683977105
1_100003_A_G_b38	-0.317516831838904	0.245134510312348	0.1078496403645	0.0986456683977105
1_100004_A_G_b38	-0.338786355204364	-0.141399095971965	0.1078496403645	0.0986456683977105
1_100005_A_G_b38	0.00883950815777201	-0.296626949336229	0.1078496403645	0.0986456683977105
1_100006_A_G_b38	-0.00141959754406577	-0.0253024903953006	0.1078496403645	0.0986456683977105
1_100007_A_G_b38	0.109894932267726	0.14392562869421	0.1078496403645	0.0986456683977105
1_100008_A_G_b38	0.0824179261006041	0.106451997369793	0.1078496403645	0.0986456683977105
1_100009_A_G_b38	0.0598780019917102	0.27301349939044	0.1078496403645	0.0986456683977105
1_100010_A_G_b38	-0.057415988204768	0.0484550497662605	0.1078496403645	0.0986456683977105
1_100011_A_G_b38	0.0947365425455926	0.528554399425952	0.1078496403645	0.0986456683977105
1_100012_A_G_b38	-0.216524680681098	0.228726770682208	0.1078496403645	0.0986456683977105
1_100013_A_G_b38	-0.173899361358984	-0.166666159544214	0.1078496403645	0.0986456683977105
1_100014_A_G_b38	0.11989734960499	0.30083338832894	0.1078496403645	0.0986456683977105
1_100015_A_G_b38	0.0242553039507689	-0.125227475426788	0.1078496403645	0.0986456683977105
1_100016_A_G_b38	0.387496803933865	-0.155447635107933	0.1078496403645	0.0986456683977105
1_100017_A_G_b38	0.0338714136894767	-0.0760648029584876	0.1078496403645	0.0986456683977105
1_100018_A_G_b38	-0.436175274539577	-0.173154298202482	0.1078496403645	0.0986456683977105
1_100019_A_G_b38	0.00391894817569899	-0.0830386143089327	0.1078496403645	0.0986456683977105
1_100020_A_G_b38	-0.228742095197921	0.0937279161087242	0.1078496403645	0.0986456683977105
1_100021_A_G_b38	-0.0501563962844207	0.223099894090301	0.1078496403645	0.0986456683977105
1_100022_A_G_b38	-0.345020046838295	-0.492100473905092	0.1078496403645	0.0986456683977105
1_100023_A_G_b38	-0.108930917880242	0.114014979770212	0.1078496403645	0.0986456683977105
1_100024_A_G_b38	-0.138577514902611	0.00440258008148309	0.1078496403645	0.0986456683977105
1_100025_A_G_b38	0.267177214952665	0.15734348244932	0.1078496403645	0.0986456683977105
1_100026_A_G_b38	0.398206183692608	0.0103360239205454	0.1078496403645	0.0986456683977105
1_100027_A_G_b38	-0.0218483056289043	0.0699903330696616	0.1078496403645	0.0986456683977105
1_100028_A_G_b38	-0.0266253570136769	0.118963903930364	0.1078496403645	0.0986456683977105
1_100029_A_G_b38	0.144836770139026	0.0177520636625255	0.1078496403645	0.0986456683977105
1_100030_A_G_b38	-0.264934729653659	-0.0142374870631032	0.1078496403645	0.0986456683977105
1_100031_A_G_b38	0.248140547267261	0.0902721612933481	0.1078496403645	0.0986456683977105
1_100032_A_G_b38	-0.102454794418908	-0.175593460371982	0.1078496403645	0.0986456683977105
1_100033_A_G_b38	0.0340282554960184	-0.257223659367433	0.1078496403645	0.0986456683977105
1_100034_A_G_b38	-0.339211465620062	-0.443618534647603	0.1078496403645	0.0986456683977105
1_100035_A_G_b38	0.22959611919113	0.0474937865361015	0.1078496403645	0.0986456683977105
1_100036_A_G_b38	-0.17301586294046	-0.0333532124287739	0.1078496403645	0.0986456683977105
1_100037_A_G_b38	-0.0493220011023546	0.23388354273393	0.1078496403645	0.0986456683977105
1_100038_A_G_b38	-0.0750600532425612	-0.342281145725425	0.1078496403645	0.0986456683977105
1_100039_A_G_b38	0.0378384442508152	-0.232941775077987	0.1078496403645	0.0986456683977105
1_100040_A_G_b38	0.115672289294574	-0.00565220181573489	0.1078496403645	0.0986456683977105
1_100041_A_G_b38	0.163999451521101	0.151982043995645	0.1078496403645	0.0986456683977105
1_100042_A_G_b38	0.30114378175778	0.0737931694619285	0.1078496403645	0.0986456683977105
1_100043_A_G_b38	0.170448199846377	0.241951876163741	0.1078496403645	0.0986456683977105
1_100044_A_G_b38	0.142189984443498	-0.0365472745729482	0.1078496403645	0.0986456683977105
1_100045_A_G_b38	-0.429771559915852	-0.152153728866964	0.1078496403645	0.0986456683977105
1_100046_A_G_b38	-0.0477668584373054	0.18439905154217	0.1078496403645	0.0986456683977105
1_100047_A_G_b38	0.171672371093929	0.338443559884677	0.1078496403645	0.0986456683977105
1_100048_A_G_b38	0.255940570913587	0.141459933268215	0.1078496403645	0.0986456683977105
1_100049_A_G_b38	0.0413514001823032	0.214121554733223	0.1078496403645	0.0986456683977105
1_100050_A_G_b38	0.209638468864316	0.120238682253045	0.1078496403645	0.0986456683977105
1_100051_A_G_b38	-0.375201395945582	0.0844049540328964	0.1078496403645	0.0986456683977105
1_100052_A_G_b38	-0.152672778020175	0.00560516824235074	0.1078496403645	0.0986456683977105
1_100053_A_G_b38	0.272138922644381	0.0838313674121387	0.1078496403645	0.0986456683977105
1_100054_A_G_b38	-0.0158005560100233	0.145377185164909	0.1078496403645	0.0986456683977105
1_100055_A_G_b38	-0.328130991102921	-0.0668432837109434	0.1078496403645	0.0986456683977105
1_100056_A_G_b38	-0.330774619665691	-0.12474002195461	0.1078496403645	0.0986456683977105
1_100057_A_G_b38	-0.485440740827873	-0.458144692565933	0.1078496403645	0.0986456683977105
1_100058_A_G_b38	-0.363441391566406	-0.0529126619127305	0.1078496403645	0.0986456683977105
1_100059_A_G_b38	-0.118719617151392	0.212638297482547	0.1078496403645	0.0986456683977105
1_100060_A_G_b38	0.18173564236943	-0.0894616512963764	0.1078496403645	0.0986456683977105
1_100061_A_G_b38	-0.0675162610448027	-0.141174545453205	0.1078496403645	0.0986456683977105
1_100062_A_G_b38	0.058921191903899	0.111816640697473	0.1078496403645	0.0986456683977105
1_100063_A_G_b38	0.072909678948768	0.027061802182613	0.1078496403645	0.0986456683977105
1_100064_A_G_b38	-0.0542054003097484	-0.0154926574850616	0.1078496403645	0.0986456683977105
1_100065_A_G_b38	0.0723029528893532	-0.191270010831943	0.1078496403645	0.0986456683977105
1_100066_A_G_b38	-0.481026829946613	-0.0144253114496109	0.1078496403645	0.0986456683977105
1_100067_A_G_b38	0.0611401385671815	0.0165081183003201	0.1078496403645	0.0986456683977105
1_100068_A_G_b38	0.178021402390905	-0.183658240059692	0.1078496403645	0.0986456683977105
1_100069_A_G_b38	-0.132543225182046	-0.238385402161818	0.1078496403645	0.0986456683977105
1_100070_A_G_b38	-0.192326923979568	-0.117854797113854	0.1078496403645	0.0986456683977105
1_100071_A_G_b38	-0.188729246598081	-0.253422570493281	0.1078496403645	0.0986456683977105
1_100072_A_G_b38	-0.23943831033531	-0.189479850561426	0.1078496403645	0.0986456683977105
1_100073_A_G_b38	0.0058343738432233	-0.0510397033055646	0.1078496403645	0.0986456683977105
1_100074_A_G_b38	0.066426272937443	0.137175266878779	0.1078496403645	0.0986456683977105
1_100075_A_G_b38	0.182946898496877	0.107981589563483	0.1078496403645	0.0986456683977105
1_100076_A_G_b38	-0.0340049533548213	0.0950886398883332	0.1078496403645	0.0986456683977105
1_100077_A_G_b38	0.461083202434236	0.359211817449199	0.1078496403645	0.0986456683977105
1_100078_A_G_b38	0.26479365431234	0.167154794327924	0.1078496403645	0.0986456683977105
1_100079_A_G_b38	0.039888430113184	0.156083460204949	0.1078496403645	0.0986456683977105
1_100080_A_G_b38	0.468240831296524	0.256640689030346	0.1078496403645	0.0986456683977105
1_100081_A_G_b38	0.162272229634027	-0.0699296568761362	0.1078496403645	0.0986456683977105
1_100082_A_G_b38	0.121081232112107	-0.0242660577782126	0.1078496403645	0.0986456683977105
1_100083_A_G_b38	0.534840008762461	0.284425809131776	0.1078496403645	0.0986456683977105
1_100084_A_G_b38	0.125261613296302	0.0987854621010488	0.1078496403645	0.0986456683977105
1_100085_A_G_b38	0.0356289675103944	-0.0754203326793181	0.1078496403645	0.0986456683977105
1_100086_A_G_b38	-0.120709965845073	0.11121796933732	0.1078496403645	0.0986456683977105
1_100087_A_G_b38	-0.0804814755482482	-0.297896537939097	0.1078496403645	0.0986456683977105
1_100088_A_G_b38	-0.0386969420138938	0.110881811558634	0.1078496403645	0.0986456683977105
1_100089_A_G_b38	0.189622802083082	-0.0143614756412889	0.1078496403645	0.0986456683977105
1_100090_A_G_b38	0.0721875492916085	0.246834157740178	0.1078496403645	0.0986456683977105
1_100091_A_G_b38	-0.254938170141735	-0.135016638186469	0.1078496403645	0.0986456683977105
1_100092_A_G_b38	-0.173698865044378	-0.199657864633439	0.1078496403645	0.0986456683977105
1_100093_A_G_b38	-0.0823087992211536	0.232767858889895	0.1078496403645	0.0986456683977105
1_100094_A_G_b38	-0.00733113916465755	-0.319428861248221	0.1078496403645	0.0986456683977105
1_100095_A_G_b38	0.0366204565090625	-0.0153205201318935	0.1078496403645	0.0986456683977105
1_100096_A_G_b38	0.263804392032521	0.0875125206590668	0.1078496403645	0.0986456683977105
1_100097_A_G_b38	-0.0612496308734678	-0.133843577068256	0.1078496403645	0.0986456683977105
1_100098_A_G_b38	-0.285775578260185	-0.210397873847063	0.1078496403645	0.0986456683977105
1_100099_A_G_b38	0.105309724439881	-0.184545876952896	0.1078496403645	0.0986456683977105
1_100100_A_G_b38	-0.180010571396234	-0.245589785644145	0.1078496403645	0.0986456683977105
1_100101_A_G_b38	0.0259837292405808	-0.196968716938646	0.1078496403645	0.0986456683977105
1_100102_A_G_b38	0.110905928803437	0.203354788773076	0.1078496403645	0.0986456683977105
1_100103_A_G_b38	-0.0266317542230825	0.289469322252538	0.1078496403645	0.0986456683977105
1_100104_A_G_b38	0.129788487244643	0.0539722425758491	0.1078496403645	0.0986456683977105
1_100105_A_G_b38	0.0978521486061408	0.167744606603401	0.1078496403645	0.0986456683977105
1_100106_A_G_b38	-0.0433362619698622	-0.00148278212798435	0.1078496403645	0.0986456683977105
1_100107_A_G_b38	-0.164391910970246	0.0699152669153793	0.1078496403645	0.0986456683977105
1_100108_A_G_b38	-0.0886993503044	-0.143511137338133	0.1078496403645	0.0986456683977105
1_100109_A_G_b38	-0.374856572899326	-0.178653051986118	0.1078496403645	0.0986456683977105
1_100110_A_G_b38	-0.429781129490015	-0.0252567762781732	0.1078496403645	0.0986456683977105
1_100111_A_G_b38	-0.0879216572004214	-0.130377195179515	0.1078496403645	0.0986456683977105
1_100112_A_G_b38	-0.152311156173478	-0.0780526806672133	0.1078496403645	0.0986456683977105
1_100113_A_G_b38	0.0903498302533415	-0.134982116527043	0.1078496403645	0.0986456683977105
1_100114_A_G_b38	0.27480798637041	0.25941098337556	0.1078496403645	0.0986456683977105
1_100115_A_G_b38	-0.134836125553087	-0.0596769399483705	0.1078496403645	0.0986456683977105
1_100116_A_G_b38	-0.204651736252009	0.00226196743980073	0.1078496403645	0.0986456683977105
1_100117_A_G_b38	0.0382528854345901	-0.0811087875014452	0.1078496403645	0.0986456683977105
1_100118_A_G_b38	0.152398054695315	0.141422567652838	0.1078496403645	0.0986456683977105
1_100119_A_G_b38	0.0247972183593979	-0.0857642938770465	0.1078496403645	0.0986456683977105
1_100120_A_G_b38	0.131495790825189	0.185197546835721	0.1078496403645	0.0986456683977105
1_100121_A_G_b38	-0.115835275307806	-0.407693521740384	0.1078496403645	0.0986456683977105
1_100122_A_G_b38	-0.320147019653398	-0.406299675444688	0.1078496403645	0.0986456683977105
1_100123_A_G_b38	-0.108173000466035	0.111285159080564	0.1078496403645	0.0986456683977105
1_100124_A_G_b38	-0.111371605697854	-0.24401937823379	0.1078496403645	0.0986456683977105
1_100125_A_G_b38	0.0647849144365265	0.178915761267558	0.1078496403645	0.0986456683977105
1_100126_A_G_b38	-0.0582714553136233	0.16500558079391	0.1078496403645	0.0986456683977105
1_100127_A_G_b38	-0.184431566477024	-0.330558194083461	0.1078496403645	0.0986456683977105
1_100128_A_G_b38	-0.180669286834477	-0.131660799208869	0.1078496403645	0.0986456683977105
1_100129_A_G_b38	0.0125311199500583	0.165909177563665	0.1078496403645	0.0986456683977105
1_100130_A_G_b38	-0.149929522434449	0.0596822729862019	0.1078496403645	0.0986456683977105
1_100131_A_G_b38	0.150220523325591	0.0180513209450018	0.1078496403645	0.0986456683977105
1_100132_A_G_b38	0.240171262050556	-0.283671811159319	0.1078496403645	0.0986456683977105
1_100133_A_G_b38	0.208521734498736	0.260983394436953	0.1078496403645	0.0986456683977105
1_100134_A_G_b38	-0.0658996482711917	-0.0104784673944777	0.1078496403645	0.0986456683977105
1_100135_A_G_b38	0.101360676534371	0.0778419458383713	0.1078496403645	0.0986456683977105
1_100136_A_G_b38	-0.0744976380524661	-0.197525573965014	0.1078496403645	0.0986456683977105
1_100137_A_G_b38	-0.321684725163787	-0.455922637173569	0.1078496403645	0.0986456683977105
1_100138_A_G_b38	-0.0822589949968874	-0.096894944074716	0.1078496403645	0.0986456683977105
1_100139_A_G_b38	0.187240793594084	0.0531799412610299	0.1078496403645	0.0986456683977105
1_100140_A_G_b38	0.132626826579623	0.123415048328952	0.1078496403645	0.0986456683977105
1_100141_A_G_b38	0.152459764134195	0.0163026085386079	0.1078496403645	0.0986456683977105
1_100142_A_G_b38	0.243799634277214	0.181045450956142	0.1078496403645	0.0986456683977105
1_100143_A_G_b38	0.351257108879872	-0.119228235675929	0.1078496403645	0.0986456683977105
1_100144_A_G_b38	-0.144488106401721	-0.0841611463946969	0.1078496403645	0.0986456683977105
1_100145_A_G_b38	-0.23946004774983	0.0195022806264288	0.1078496403645	0.0986456683977105
1_100146_A_G_b38	0.141986006181382	0.0292489914479275	0.1078496403645	0.0986456683977105
1_100147_A_G_b38	0.178296141375834	0.23527834164584	0.1078496403645	0.0986456683977105
1_100148_A_G_b38	0.318047932040804	0.143568921657926	0.1078496403645	0.0986456683977105
1_100149_A_G_b38	0.0635583507516137	-0.0807966702570292	0.1078496403645	0.0986456683977105
1_100150_A_G_b38	0.364820368122589	0.0770438381720966	0.1078496403645	0.0986456683977105
1_100151_A_G_b38	0.664541110602416	0.0509140912832229	0.1078496403645	0.0986456683977105
1_100152_A_G_b38	0.22355037685131	0.183220883130872	0.1078496403645	0.0986456683977105
1_100153_A_G_b38	-0.0350497802843239	-0.0722273101273451	0.1078496403645	0.0986456683977105
1_100154_A_G_b38	0.225838146174693	-0.0845790572631016	0.1078496403645	0.0986456683977105
1_100155_A_G_b38	0.0973482461263011	0.134792313269756	0.1078496403645	0.0986456683977105
1_100156_A_G_b38	-0.0544428869894844	0.0316413607080182	0.1078496403645	0.0986456683977105
1_100157_A_G_b38	-0.175288697476209	0.136403607651522	0.1078496403645	0.0986456683977105
1_100158_A_G_b38	-0.105985498974927	-0.130927513959899	0.1078496403645	0.0986456683977105
1_100159_A_G_b38	0.167349041052569	0.34923025179055	0.1078496403645	0.0986456683977105
1_100160_A_G_b38	-0.0630352911878814	-0.262997002372432	0.1078496403645	0.0986456683977105
1_100161_A_G_b38	-0.43605107829477	0.0945921279349785	0.1078496403645	0.0986456683977105
1_100162_A_G_b38	0.0818142744909608	0.122244531590139	0.1078496403645	0.0986456683977105
1_100163_A_G_b38	0.0618388506447258	0.312360440220711	0.1078496403645	0.0986456683977105
1_100164_A_G_b38	0.0506697819975267	-0.0492375566429169	0.1078496403645	0.0986456683977105
1_100165_A_G_b38	0.0158482589732915	-0.0659443064936392	0.1078496403645	0.0986456683977105
1_100166_A_G_b38	0.111360098362822	0.0191495038559066	0.1078496403645	0.0986456683977105
1_100167_A_G_b38	-0.119903834093891	-0.126555994885205	0.1078496403645	0.0986456683977105
1_100168_A_G_b38	0.0479283512499082	-0.154007106359996	0.1078496403645	0.0986456683977105
1_100169_A_G_b38	0.0724001871879552	0.334427040451307	0.1078496403645	0.0986456683977105
1_100170_A_G_b38	0.0573933811206156	0.211425694346982	0.1078496403645	0.0986456683977105
1_100171_A_G_b38	0.222799224381292	0.266090375296465	0.1078496403645	0.0986456683977105
1_100172_A_G_b38	0.137918500249967	0.02973319179627	0.1078496403645	0.0986456683977105
1_100173_A_G_b38	-0.00265765358238923	0.278756877529605	0.1078496403645	0.0986456683977105
1_100174_A_G_b38	0.157333630317822	0.130360325206551	0.1078496403645	0.0986456683977105
1_100175_A_G_b38	-0.334838999834516	-0.274096299352848	0.1078496403645	0.0986456683977105
1_100176_A_G_b38	0.13004715170955	0.263465484924283	0.1078496403645	0.0986456683977105
1_100177_A_G_b38	0.261711692397201	0.270266736668213	0.1078496403645	0.0986456683977105
1_100178_A_G_b38	0.27473168529137	0.425838260365098	0.1078496403645	0.0986456683977105
1_100179_A_G_b38	0.200543389597958	0.344282054632387	0.1078496403645	0.0986456683977105
1_100180_A_G_b38	-0.30522965243244	-0.223879032349156	0.1078496403645	0.0986456683977105
1_100181_A_G_b38	-0.110637391118648	-0.0885353959265248	0.1078496403645	0.0986456683977105
1_100182_A_G_b38	-0.0395522055883776	-0.0387772177029616	0.1078496403645	0.0986456683977105
1_100183_A_G_b38	-0.0428385278244806	-0.119230719550912	0.1078496403645	0.0986456683977105
1_100184_A_G_b38	-0.403749631308274	-0.626660661533433	0.1078496403645	0.0986456683977105
1_100185_A_G_b38	0.044053636525068	-0.0848309145359546	0.1078496403645	0.0986456683977105
1_100186_A_G_b38	0.00151165588036628	-0.160957857278938	0.1078496403645	0.0986456683977105
1_100187_A_G_b38	-0.31689731209374	-0.243091068508553	0.1078496403645	0.0986456683977105
1_100188_A_G_b38	-0.14568876405586	0.0421387484073338	0.1078496403645	0.0986456683977105
1_100189_A_G_b38	0.000724385125878954	-0.0356055812650412	0.1078496403645	0.0986456683977105
1_100190_A_G_b38	-0.0293899219267654	-0.00090967835647629	0.1078496403645	0.0986456683977105
1_100191_A_G_b38	0.0694370448077298	0.274921272490629	0.1078496403645	0.0986456683977105
1_100192_A_G_b38	-0.0763688791205273	-0.0615936757017364	0.1078496403645	0.0986456683977105
1_100193_A_G_b38	0.254572208518929	0.185780552898057	0.1078496403645	0.0986456683977105
1_100194_A_G_b38	-0.0317692820274662	-0.0528148213908318	0.1078496403645	0.0986456683977105
1_100195_A_G_b38	0.399578829977287	-0.00831318820053917	0.1078496403645	0.0986456683977105
1_100196_A_G_b38	0.128545286061543	0.311482227202503	0.1078496403645	0.0986456683977105
1_100197_A_G_b38	-0.0341477769283938	-0.335075425461199	0.1078496403645	0.0986456683977105
1_100198_A_G_b38	-0.0385475170914009	-0.126433631429301	0.1078496403645	0.0986456683977105
1_100199_A_G_b38	-0.01370633613348	0.24009231538372	0.1078496403645	0.0986456683977105
1_100200_A_G_b38	0.264436032384703	-0.0199037368311796	0.1078496403645	0.0986456683977105
1_100201_A_G_b38	-0.469543773744694	-0.180718134545321	0.1078496403645	0.0986456683977105
1_100202_A_G_b38	0.208232367851278	-0.0916007099965781	0.1078496403645	0.0986456683977105
1_100203_A_G_b38	-0.112759154343188	-0.179321206003298	0.1078496403645	0.0986456683977105
1_100204_A_G_b38	0.159558123135242	0.0284285247058095	0.1078496403645	0.0986456683977105
1_100205_A_G_b38	0.442182506739661	0.210481326916831	0.1078496403645	0.0986456683977105
1_100206_A_G_b38	0.222727478201544	0.229212950657458	0.1078496403645	0.0986456683977105
1_100207_A_G_b38	0.00211701857585034	-0.236037045569949	0.1078496403645	0.0986456683977105
1_100208_A_G_b38	-0.431655355686223	0.108406959510685	0.1078496403645	0.0986456683977105
1_100209_A_G_b38	0.384228362996353	-0.0674153793552148	0.1078496403645	0.0986456683977105
1_100210_A_G_b38	-0.0145014938718895	0.0203728243916934	0.1078496403645	0.0986456683977105
1_100211_A_G_b38	-0.140492937762948	0.0063027400569664	0.1078496403645	0.0986456683977105
1_100212_A_G_b38	0.156923387014987	0.115309044050674	0.1078496403645	0.0986456683977105
1_100213_A_G_b38	0.0716441290316332	0.298341377808916	0.1078496403645	0.0986456683977105
1_100214_A_G_b38	0.18352147233084	0.0874576569696537	0.1078496403645	0.0986456683977105
1_100215_A_G_b38	-0.0501418369715127	-0.104149030912558	0.1078496403645	0.0986456683977105
1_100216_A_G_b38	-0.260733842708783	-0.180084471648267	0.1078496403645	0.0986456683977105
1_100217_A_G_b38	0.267414044553126	0.135944066614357	0.1078496403645	0.0986456683977105
1_100218_A_G_b38	-0.068256076748925	0.235282332704396	0.1078496403645	0.0986456683977105
1_100219_A_G_b38	0.076258885398967	0.170908368791739	0.1078496403645	0.0986456683977105
1_100220_A_G_b38	0.3415460946257	0.0867836729838768	0.1078496403645	0.0986456683977105
1_100221_A_G_b38	0.121676914569912	0.138781673310613	0.1078496403645	0.0986456683977105
1_100222_A_G_b38	-0.0392208802896242	-0.0481302251894524	0.1078496403645	0.0986456683977105
1_100223_A_G_b38	-0.156217032997668	-0.187037349461198	0.1078496403645	0.0986456683977105
1_100224_A_G_b38	0.0701108065370291	0.262243505751968	0.1078496403645	0.0986456683977105
1_100225_A_G_b38	-0.364824467693849	0.0803455335856085	0.1078496403645	0.0986456683977105
1_100226_A_G_b38	-0.273715442445228	-0.363833043767481	0.1078496403645	0.0986456683977105
1_100227_A_G_b38	-0.226278398022532	-0.234220757753753	0.1078496403645	0.0986456683977105
1_100228_A_G_b38	0.0481665534593419	0.00750706230263559	0.1078496403645	0.0986456683977105
1_100229_A_G_b38	-0.0375579900214963	0.178472041415532	0.1078496403645	0.0986456683977105
1_100230_A_G_b38	-0.245462616963065	0.0322433672658268	0.1078496403645	0.0986456683977105
1_100231_A_G_b38	0.0342970616026027	-0.0795334927769868	0.1078496403645	0.0986456683977105
1_100232_A_G_b38	0.306452879964319	0.0495995015502758	0.1078496403645	0.0986456683977105
1_100233_A_G_b38	0.190908208215465	-0.281335363133256	0.1078496403645	0.0986456683977105
1_100234_A_G_b38	0.0917439027501298	-0.114815969762017	0.1078496403645	0.0986456683977105
1_100235_A_G_b38	0.0497831252636276	-0.116788623322686	0.1078496403645	0.0986456683977105
1_100236_A_G_b38	-0.189002848487031	0.0869057771769043	0.1078496403645	0.0986456683977105
1_100237_A_G_b38	0.383021469633759	0.0378387931654612	0.1078496403645	0.0986456683977105
1_100238_A_G_b38	-0.105960440432639	-0.016528169741588	0.1078496403645	0.0986456683977105
1_100239_A_G_b38	0.0315788259564186	0.136380802348962	0.1078496403645	0.0986456683977105
1_100240_A_G_b38	-0.172593276833556	-0.0759737121922993	0.1078496403645	0.0986456683977105
1_100241_A_G_b38	0.310949184130151	-0.268000571302321	0.1078496403645	0.0986456683977105
1_100242_A_G_b38	0.0536770979269084	0.141876269882326	0.1078496403645	0.0986456683977105
1_100243_A_G_b38	-0.151672416107253	0.326885738394706	0.1078496403645	0.0986456683977105
1_100244_A_G_b38	0.172042735037688	0.121623107077161	0.1078496403645	0.0986456683977105
1_100245_A_G_b38	0.0221092493779064	-0.134110984328231	0.1078496403645	0.0986456683977105
1_100246_A_G_b38	0.0997745250249838	-0.212256334394297	0.1078496403645	0.0986456683977105
1_100247_A_G_b38	-0.145345819691113	0.139022750125246	0.1078496403645	0.0986456683977105
1_100248_A_G_b38	-0.0487549486818582	-0.0430255748433903	0.1078496403645	0.0986456683977105
1_100249_A_G_b38	0.179102682641951	0.343240668803855	0.1078496403645	0.0986456683977105
1_100250_A_G_b38	-0.0608584236711593	-0.101368354219781	0.1078496403645	0.0986456683977105
1_100251_A_G_b38	-0.067821712621448	0.00552163983921358	0.1078496403645	0.0986456683977105
1_100252_A_G_b38	0.131549692974159	0.127694012832135	0.1078496403645	0.0986456683977105
1_100253_A_G_b38	0.0369062604644211	-0.193412179616012	0.1078496403645	0.0986456683977105
1_100254_A_G_b38	0.147019327703834	0.189979823983719	0.1078496403645	0.0986456683977105
1_100255_A_G_b38	-0.294833262366009	-0.249400642334512	0.1078496403645	0.0986456683977105
1_100256_A_G_b38	-0.0435463603963286	-0.12683190992055	0.1078496403645	0.0986456683977105
1_100257_A_G_b38	-0.00405261952801633	0.106558783085875	0.1078496403645	0.0986456683977105
1_100258_A_G_b38	-0.216858645010554	-0.0598726107061998	0.1078496403645	0.0986456683977105
1_100259_A_G_b38	0.20154375271366	0.207303228918727	0.1078496403645	0.0986456683977105
1_100260_A_G_b38	-0.311642436499712	-0.385370544521385	0.1078496403645	0.0986456683977105
1_100261_A_G_b38	0.11291165606083	-0.0331896465230212	0.1078496403645	0.0986456683977105
1_100262_A_G_b38	-0.0741514609754297	-0.0768752537411375	0.1078496403645	0.0986456683977105
1_100263_A_G_b38	0.296623912232974	0.154388776909544	0.1078496403645	0.0986456683977105
1_100264_A_G_b38	0.0905376826748297	0.00879333856687309	0.1078496403645	0.0986456683977105
1_100265_A_G_b38	0.259933261436289	0.0541459846753892	0.1078496403645	0.0986456683977105
1_100266_A_G_b38	-0.15875464557314	0.180089634710832	0.1078496403645	0.0986456683977105
1_100267_A_G_b38	-0.00703312567212744	0.288798240100177	0.1078496403645	0.0986456683977105
1_100268_A_G_b38	0.420137581391778	0.516688144521463	0.1078496403645	0.0986456683977105
1_100269_A_G_b38	0.358607666424675	-0.0806286372909853	0.1078496403645	0.0986456683977105
1_100270_A_G_b38	-0.155444957035376	-0.313654769729273	0.1078496403645	0.0986456683977105
1_100271_A_G_b38	-0.424660609966332	-0.157933764012126	0.1078496403645	0.0986456683977105
1_100272_A_G_b38	0.105797291101834	0.1271808861	0.1078496403645	0.0986456683977105
1_100273_A_G_b38	0.0695782315937146	-0.161991946889005	0.1078496403645	0.0986456683977105
1_100274_A_G_b38	0.0805686523447419	-0.24135345172819	0.1078496403645	0.0986456683977105
1_100275_A_G_b38	-0.0477854740622537	-0.124545536930481	0.1078496403645	0.0986456683977105
1_100276_A_G_b38	0.000209841752457307	0.197399657883182	0.1078496403645	0.0986456683977105
1_100277_A_G_b38	0.233496168267957	0.329885109216857	0.1078496403645	0.0986456683977105
1_100278_A_G_b38	0.165947833834445	-0.04283972667931	0.1078496403645	0.0986456683977105
1_100279_A_G_b38	-0.237542631415524	-0.114454100599131	0.1078496403645	0.0986456683977105
1_100280_A_G_b38	-0.107823209087866	-0.341433139489401	0.1078496403645	0.0986456683977105
1_100281_A_G_b38	0.36765212537906	-0.151180414338489	0.1078496403645	0.0986456683977105
1_100282_A_G_b38	0.301154203592914	-0.0558279866423994	0.1078496403645	0.0986456683977105
1_100283_A_G_b38	0.0789843880084327	0.00823492524975436	0.1078496403645	0.0986456683977105
1_100284_A_G_b38	0.407917284011949	0.166995069126014	0.1078496403645	0.0986456683977105
1_100285_A_G_b38	0.0372152650079853	-0.0879229069863135	0.1078496403645	0.0986456683977105
1_100286_A_G_b38	-0.279557600576321	-0.240230651841926	0.1078496403645	0.0986456683977105
1_100287_A_G_b38	-0.076657876777476	0.056952105593586	0.1078496403645	0.0986456683977105
1_100288_A_G_b38	-0.225154566540925	0.0315088119320268	0.1078496403645	0.0986456683977105
1_100289_A_G_b38	-0.0505425884270774	-0.25573710272666	0.1078496403645	0.0986456683977105
1_100290_A_G_b38	-0.520537626733141	-0.232206552329906	0.1078496403645	0.0986456683977105
1_100291_A_G_b38	0.00260991646953723	-0.209525144943337	0.1078496403645	0.0986456683977105
1_100292_A_G_b38	0.26195224603725	0.312010738591139	0.1078496403645	0.0986456683977105
1_100293_A_G_b38	-0.42397255622395	-0.0515634205457289	0.1078496403645	0.0986456683977105
1_100294_A_G_b38	-0.0204732680473628	-0.0241329615453315	0.1078496403645	0.0986456683977105
1_100295_A_G_b38	0.130831682165969	-0.201919603063957	0.1078496403645	0.0986456683977105
1_100296_A_G_b38	-0.0445524280760591	0.221066821550504	0.1078496403645	0.0986456683977105
1_100297_A_G_b38	-0.262813880907924	-0.0840073110900198	0.1078496403645	0.0986456683977105
1_100298_A_G_b38	0.16564144933223	0.394378113425931	0.1078496403645	0.0986456683977105
1_100299_A_G_b38	-0.33503914351948	-0.223215250890745	0.1078496403645	0.0986456683977105
1_100300_A_G_b38	-0.0845369245767092	-0.148409790155167	0.1078496403645	0.0986456683977105
