ID	beta.est	B_IN_beta	B_Mem_beta	Plasma_beta	CD4_ET_beta	CD4_NC_beta	CD4_SOX4_beta	CD8_ET_beta	CD8_NC_beta	CD8_S100B_beta	DC1_beta	Mono_C_beta	Mono_NC_beta	NK_beta	NK_R_beta
ENSGEXAMPLE001-rs000001	-0.027425969124899	-0.283893951687987	-0.0713000372085784	-0.302596666484057	-0.0300580282040079	-0.143243571682252	-0.205643154979067	0.125189671940866	-0.377180748903709	0.280817160861019	-0.690772806558989	0.246524151215215	-0.442366657639205	-0.0782066752062686	0.27669161255314
ENSGEXAMPLE002-rs000002	0.132025515279384	0.255991499091602	0.210368702820955	-0.206282303624022	0.264887295351187	0.106757098014095	0.10618791694334	-0.349375869200547	0.216620235182422	0.01405188418811	0.2413090335792	0.397717987168906	-0.012353252828884	0.0267425273972558	-0.100223156511831
ENSGEXAMPLE003-rs000003	-0.0458239052230632	-0.0657640962535817	-0.106769802784338	-0.09454648219122	-0.597113106169295	0.152101105508304	-0.507840901872904	0.233232444706399	0.141108671968334	-0.178103887154498	-0.254044213034971	-0.367624019898268	-0.111469239822414	0.0303676918998982	0.173757240990062
ENSGEXAMPLE004-rs000004	-0.0536723777025206	-0.0413047520960668	-0.0355274080135207	0.126852774611623	0.00615193310566886	0.0905773973830165	0.0772802147939363	-0.251396707057223	-0.267781386535339	-0.516308180681711	0.0320098149622632	-0.263024125009055	-0.109765863992014	0.284253592501554	-0.171241124314117
ENSGEXAMPLE005-rs000005	-0.00536065096933226	-0.306125266704881	-0.260103976130082	-0.529857043013367	-0.303629533843573	0.0755495612866427	0.326818206647351	-0.264589984148503	0.22800222097158	0.263379144444671	-0.141396124889286	0.0794527756260069	0.162529325798338	0.0511623957629763	0.26088985471238
ENSGEXAMPLE006-rs000006	-0.0439867884326052	-0.240281825764772	0.0540160756987969	0.239914673904841	-0.195007906290128	-0.0430781089923503	0.124513771699005	0.211284112461145	0.063323121313118	0.105542399705168	0.000313216721892981	-0.106879902518089	-0.37137852976866	-0.146226877653305	0.0654397778834257
ENSGEXAMPLE007-rs000007	-0.0419446346380478	0.623872122160677	0.0374958793727357	-0.0754700994788935	-0.190674103669964	-0.18343195223359	0.183714603303907	-0.617825836104495	0.0122541637548401	0.24970477248171	-0.192406088001416	-0.138779373473169	0.0860409686703644	-0.0691883307761466	-0.389818865198805
ENSGEXAMPLE008-rs000008	0.0850118905272654	0.159546660204659	-0.233979358992349	-0.157994506376012	0.00503829784264428	0.308646024368527	0.24796428752566	-0.0753664057547599	0.219227951016795	0.321719493524551	0.330658097539988	-0.0899132276567605	0.531423656575172	0.161180255411414	-0.152165601049723
ENSGEXAMPLE009-rs000009	0.0712207933391501	0.183342933304999	-0.000480482903303395	-0.346032177425995	-0.225629281752391	0.175033553749078	0.358112735361501	0.0483195877456749	0.265536025820397	0.362105779679994	-0.0551634300088858	-0.172521515774626	-0.19892299388432	0.0406186075594236	0.0304581146247486
ENSGEXAMPLE010-rs000010	-0.0678123479374047	0.107481431282472	-0.159850089964967	-0.152140847920498	0.445384533806128	-0.0226362523369908	-0.041346454582691	-0.440835019842341	-0.161325549250946	0.0218488103511065	0.251496625789471	0.276126618046672	-0.390526345804101	-0.0779254541804332	0.211032287703871
ENSGEXAMPLE011-rs000011	-0.0178445450401672	-0.0865549879608919	0.195622830344307	0.0103024918354032	-0.14557173400528	0.0568725056801866	0.44609842075645	0.0704719006033866	0.27155380835308	-0.175946865154526	-0.0303265241072444	-0.106377216574173	0.0308320125109176	0.289522773042608	-0.0936871475440827
ENSGEXAMPLE012-rs000012	-0.0368723508064154	-0.0907213702376676	0.0590935575229783	-0.261081767921843	0.22283872620923	-0.1093369403885	-0.232867731155643	0.340596061139934	-0.280448925715165	-0.135726456603917	0.102096893038443	-0.231115390397488	0.0920953426618053	-0.266565855921683	0.263905920758754
ENSGEXAMPLE013-rs000013	-0.0254462014056759	-0.260247308106922	0.0458973957505634	0.293365317765665	0.41048452618078	-0.119333814498403	-0.0569179154114173	0.0407137974319036	0.147034254693875	0.0195206179186175	-0.25240148411182	-0.458468809660554	0.0380727486334	0.35549138051407	0.220651781674507
ENSGEXAMPLE014-rs000014	0.0769250410729397	-0.0615014187719643	-0.0726998890528538	-0.10024247684692	-0.178070437305534	0.0908585585697424	0.130125794449535	0.125849988238174	-0.217066347369092	0.244347732874697	-0.254177109869504	0.299294314962686	-0.0589100896034999	0.522688477722138	-0.282806018362019
ENSGEXAMPLE015-rs000015	0.0417969054775994	-0.0526890335673401	0.205354115219241	0.198004451898843	0.527284720981738	-0.265065262649468	-0.0900248173139497	0.274100273008502	0.0518458448347209	0.0323996606450818	0.0338887887121041	0.245152523216501	0.512113840077388	-0.359685059287588	-0.61542741973851
ENSGEXAMPLE016-rs000016	-0.0595086050862503	-0.120963576898133	0.0936716648762045	-0.012698977150765	0.0877972623163522	-0.399624829248996	0.319007254244502	-0.15918760760657	0.146413334822017	-0.149886060711482	0.0385927646886543	-0.227177287028735	-0.292924975581991	-0.337708791406802	0.15103995666002
ENSGEXAMPLE017-rs000017	0.121308419723678	0.421233347299252	-0.12654316673702	-0.280237022078375	-0.149377883796924	0.172054694484193	0.067323478515347	0.120339300143114	0.249851816195741	0.0969796161186719	-0.130439504725234	-0.110648904379313	-0.326341240957088	0.0591228031305939	0.283931965175282
ENSGEXAMPLE018-rs000018	0.00831942110651978	0.543304418324617	0.0342901168941346	-0.0345314862717256	0.304256789101838	-0.248180526437251	-0.217906079017426	-0.120334781382464	-0.196568428935658	-0.00489846441788877	0.332472359663423	-0.175462687889574	0.0729983415062939	0.135251784658589	-0.180889534917589
ENSGEXAMPLE019-rs000019	0.0424368072204678	0.244153110052404	0.143098304517952	0.422935843201322	0.0840186968047013	0.0110258823518287	-0.172497745016291	0.16205202180956	-0.125288198294695	0.25187551458612	0.0532883526010947	0.0208659963119599	0.19869386278814	0.175285234334032	-0.101851819521868
ENSGEXAMPLE020-rs000020	0.0716030284854016	-0.140249698802097	0.0936547610702525	0.01861217551382	-0.192316475481651	0.30944076994126	0.235679487172663	0.0380028898546849	0.275156422229133	-0.175709019956309	-0.138141514623602	0.103145940310526	0.0122687994717873	0.385000703233897	0.299053452482218
ENSGEXAMPLE021-rs000021	0.008948294311166	-0.318685247643486	0.0537923739905171	-0.3691759970486	-0.222131438978314	0.514977111340093	-0.185423793518735	0.0662331936665609	-0.040930412100139	-0.246464141148092	0.101748333724954	0.0675991660664627	-0.029497391956908	-0.250620754420575	-0.0120992750554786
ENSGEXAMPLE022-rs000022	-0.0465718023460739	-0.0195320355890512	0.271320931247928	-0.112738976480879	-0.626918580437808	-0.0123777720700839	-0.116049577207425	-0.201987922646206	0.00366482158977643	-0.134238305077548	-0.225281641881651	-0.413907175904968	0.121628986462173	0.125075094304383	0.00415800272532152
ENSGEXAMPLE023-rs000023	-0.0356911591047266	0.0493146253257244	0.103008775763921	-0.482095587056942	-0.260812814109301	-0.407123105175183	-0.0220175323073951	0.364761852067775	-0.208106898099454	0.21138331251891	0.382748831320838	0.607167442420884	0.113100600905621	-0.0281746094685207	0.127995162686885
ENSGEXAMPLE024-rs000024	0.161549481572819	0.119305039478043	0.389081138798752	-0.330743052231351	0.119865927197698	-0.0755366187833629	0.0661903158020149	0.35104398792465	-0.0777319356048931	0.20930245940397	0.078254930007722	0.106834915142796	0.0357888715312378	0.0752858812757018	0.068476121444217
ENSGEXAMPLE025-rs000025	-0.0602530258293961	-0.530797557887106	0.166768351149084	0.00972612239443262	0.433950304811913	-0.195961967521792	-0.171537908767424	0.0990990870945909	0.101231602377698	0.113798878170024	-0.0175689230462783	-0.247302902323385	-0.333300525043505	0.187867698003649	0.0697835559114379
ENSGEXAMPLE026-rs000026	0.0370522960635581	-0.0200774720470668	-0.140813867419958	-0.1614368840427	-0.179892059876974	-0.0334401245000321	0.252858376155598	-0.102148585158225	-0.266946135829543	-0.115729605985091	-0.0231696492127733	0.0202353248619191	0.432660426455658	0.105269627311554	0.412254012802962
ENSGEXAMPLE027-rs000027	0.0522913002979943	0.175927349094054	0.272418551293548	-0.0232694013673782	0.161100799435632	0.1314039858247	0.189449461881302	0.0129705235178374	0.176365443923644	-0.114471601006208	-0.0752520276433516	-0.444804370536075	0.00396756616610938	0.201102860975827	0.214477353979767
ENSGEXAMPLE028-rs000028	0.02934756736123	-0.269079053685723	0.32976095243644	0.214812722225413	0.0287716265531803	-0.0385518372489572	0.17640138233047	0.0778013309839663	0.12368498346368	-0.0727232169731508	-0.0136742337440569	-0.199727032558039	0.050435117415866	0.396422371925938	0.301055153887743
ENSGEXAMPLE029-rs000029	0.11595750389747	0.240926766190472	-0.0111757025997691	-0.449566634118966	0.11173427047004	-0.000465252290916651	-0.0232934575938049	0.00750186817184311	0.114460911249791	0.313154612672522	0.223734327229435	0.224913560775337	0.148067806998578	0.134489872082167	-0.166700510174594
ENSGEXAMPLE030-rs000030	0.0695474444703269	-0.27173374198453	0.435884611535718	0.234432564948972	-0.0404475148296438	0.128137975374161	-0.0206860093579708	-0.371973255696049	0.219653312463	0.196913539945422	-0.788948422102811	0.150310614050119	0.10934147085321	0.648739767652463	0.245482232767974
ENSGEXAMPLE031-rs000031	-0.0115042253182312	0.174245530495927	0.0637201585991028	0.35062140076625	0.0305453064998326	-0.0604648741504158	0.0634325206225834	0.380058687089011	-0.256708344631817	-0.1141055287692	-0.597014836221262	-0.50612103599157	-0.0126474439613307	-0.138447906326899	-0.202564373677329
ENSGEXAMPLE032-rs000032	0.033859619737446	0.292123786418044	0.000211249134286221	-0.276516905314809	0.600642654000117	-0.313786571707922	-0.33264836359312	0.0213351071443538	0.483071785962799	-0.118052343718587	0.275614892409227	-0.164332772856382	0.0363966122789904	-0.215299361184276	-0.440760489107171
ENSGEXAMPLE033-rs000033	-0.0263030406964303	-0.556477670353198	0.275980913271486	-0.19236759302676	-0.166481942115662	-0.00198827653849432	0.305936980083853	0.0790621752183784	0.0385920592431119	-0.320551898387412	0.0393850631597038	0.197995378822136	0.277229553319449	-0.311995533223142	-0.187273913821129
ENSGEXAMPLE034-rs000034	-0.0252751925246944	-0.224109763408243	-0.0180597491267887	-0.44052401521484	-0.276471340220902	0.00978484535354975	0.429610714764866	-0.19983873704684	-0.00376702361912989	-0.0982171678609038	0.137799553521475	-0.543460729877276	0.128348859026478	0.0270555422546192	-0.0903752255251463
ENSGEXAMPLE035-rs000035	-0.209420830353967	-0.455940895503202	-0.454005293407465	-0.32916794438518	-0.319394269218864	-0.263926234421595	0.215356161381896	-0.0696305037255934	0.241700007407503	0.180797853062962	0.102559907539925	-0.334858190940386	0.15384907833726	0.0374951772243823	-0.583184894686153
ENSGEXAMPLE036-rs000036	0.0853362525356163	0.114594359603403	-0.121775416238516	0.0615335106809889	-0.0336246505038124	0.117017139334685	-0.100382819194298	-0.0468786047128911	0.235448038397759	0.319589014255246	-0.317094360598228	0.54870748982613	-0.0921144726242957	0.197847049593712	0.52881906974024
ENSGEXAMPLE037-rs000037	0.0114572450367928	0.0367711189900312	-0.097581135395597	0.699292814726853	0.103194472528948	-0.109741038124505	-0.275798178804488	0.0323501207789074	0.158790223651017	0.414759252116431	-0.424078506569705	-0.304170689676675	-0.0855895330018607	-0.280472950141551	0.165763674645442
ENSGEXAMPLE038-rs000038	0.0446111995166993	0.319717431125884	0.301642429728278	0.0933774188078416	0.0326180010982481	0.0556451156905437	0.120239532635734	0.224340887549005	0.177524475274895	-0.110566625538993	-0.0306893370459561	0.0902306845002903	0.193607063598419	-0.140203782867712	-0.135209845183
ENSGEXAMPLE039-rs000039	0.0832828563013472	0.136019740956538	0.317588392806354	0.0303548536459013	-0.260336906797861	0.311433306122287	0.321933778846355	-0.305889071036245	-0.0324894333464437	-0.0638315539122745	0.178271188997857	0.0910729228493766	0.0323275150611283	0.384757299629022	0.0791490236290601
ENSGEXAMPLE040-rs000040	-0.069472227880185	-0.0302956916625841	0.301572371442583	0.106511699718496	0.122145385325033	-0.070757287579952	-0.0627095552876336	-0.132528964167468	-0.992045687287445	-0.31474517969382	0.157366754601271	-0.381096081779978	-0.273590211636398	-0.090922259957665	0.220954890140636
ENSGEXAMPLE041-rs000041	-0.0666537917653498	-0.35555739158484	-0.0431668932168378	0.157689977169461	0.15449338316421	-0.0841007327417649	0.306988119585915	0.429591476976312	0.0341248707882587	-0.469414581025054	-0.258391007399411	-0.305434251282932	-0.231478067109392	0.120088071763587	0.266361438243056
ENSGEXAMPLE042-rs000042	-0.0189514425784018	0.146612910656612	-0.037703527925478	0.279269643906038	0.0560139940421876	-0.137534526143017	-0.0284946467794474	0.0589813014538921	0.330035159496852	-0.294149605920501	-0.460776636935256	0.0735079679292225	-0.0565000847392902	-0.0222592896343921	0.145176820320218
ENSGEXAMPLE043-rs000043	0.0259617188734351	0.0429629999083612	0.0297157679588536	-0.255090604854177	-0.00928467199451366	-0.00161008772050715	-0.133961704123459	-0.409320424522071	-0.240814128413194	-0.00641978303387301	0.190309728047941	-0.0710975587195414	0.0481655476426638	-0.0148901116272591	0.0212628871864025
ENSGEXAMPLE044-rs000044	-0.0560936778792668	0.184287231361928	0.26326750801981	0.163384801516601	-0.229738883185777	-0.123869331326915	0.113415200099146	0.230622132846546	-0.412920630638011	-0.462299732168992	0.0857633027047147	-0.240039029331669	0.0215006904475451	-0.311038453539297	0.250913703371418
ENSGEXAMPLE045-rs000045	0.0239063115556113	-0.201400734311509	0.00505313144630284	-0.302137361176588	-0.329739722114177	-0.157513670693049	0.381610672718536	0.0456937434184894	0.0829078195932857	-0.0656305690199172	0.0846766439299668	-0.427325769950873	0.481194760612048	-0.0257611361595338	-0.0932354105074062
ENSGEXAMPLE046-rs000046	0.0397811657684957	0.0537310679561565	0.123232269302005	-0.176610289291735	-0.0512496856935164	0.195783501654006	0.0809693474201107	-0.0897034754914041	-0.231451363340848	-0.585182330193062	0.203969086878949	0.103078063389735	-0.0152295251449384	0.352658950693834	0.0257134428578795
ENSGEXAMPLE047-rs000047	0.0491797114460905	0.131694832314415	-0.238472838043844	-0.187154173927446	0.315956715792842	0.0314234213461017	0.0282091616889124	0.0905662630195359	-0.329801964447928	0.117257513057755	-0.0205506909865809	0.20827236151154	0.342999902477739	-0.280621717311974	0.0918468716729654
ENSGEXAMPLE048-rs000048	0.0471388565470941	0.222475230729426	-0.211872289861815	0.264317532519411	0.137518107528722	0.141617290408813	0.0554099800781137	0.105023509807175	-0.084821427812833	-0.182130369886807	0.0746363306808475	0.112063707095208	-0.0192730100413678	-0.0226391406419457	-0.476793746725985
ENSGEXAMPLE049-rs000049	0.0361777227077294	0.274827621066633	-0.178635828953762	-0.396702164490348	-0.332246482616124	0.0661160083797533	0.266488622057346	0.00275021976069377	0.0819261031819404	-0.129236133354774	-0.0398255314984471	0.0114746932191751	-0.484029062450506	0.46377301786683	0.230403145568273
ENSGEXAMPLE050-rs000050	-0.00794251814737425	-0.0883607557999582	0.263161100318002	-0.0322291451118218	-0.0483443346219958	-0.208170736132631	0.21095475194524	0.181229201149675	0.19566032449791	0.119105972862589	0.165673533283308	-0.0804992672390738	-0.24852225210174	0.0616057618847505	0.0221334214069421
ENSGEXAMPLE051-rs000051	-0.0174825580741848	0.109620049837112	-0.234425733310822	-0.310489636281548	0.0553849514500667	-0.219881251740289	-0.132622758401319	0.233963314256839	-0.0335279762277863	-0.101298790370698	0.112670362084917	-0.0317148323156067	-0.477817170653485	-0.0636433258615835	0.0675253836361934
ENSGEXAMPLE052-rs000052	-0.0644449659672773	-0.256965945525088	0.181849014889478	-0.178330162028339	-0.378291228519012	0.0608348401298594	0.149276746734016	0.445851783631097	-0.276743650169769	0.190043323596264	0.0241227168158526	0.377449249829462	-0.048473598093575	-0.342358578756825	0.0128164546190485
ENSGEXAMPLE053-rs000053	0.0268683589677078	0.504804493344742	-0.150890194968024	-0.190673911208592	-0.0437796763880482	0.0711473896869528	-0.388883450212792	0.349447686423931	-0.5651991623108	0.239197570772423	-0.208258205272789	0.18820601450604	-0.0975455306559769	0.0853712188169922	0.0239936512056644
ENSGEXAMPLE054-rs000054	0.081544293205498	0.0958001533480022	-0.0345267227344884	-0.407636363855895	0.0403366938000403	0.269552534391328	0.108183662757846	0.0434385228586362	-0.0291639791669393	0.163029668864328	0.13567663829128	0.191220226338474	-0.254294524684443	0.115781911400071	-0.0552095637104676
ENSGEXAMPLE055-rs000055	-0.0146169062651902	-0.326739885726418	0.215079705275175	0.424518093312468	0.267273215928606	0.128369202009759	-0.252537195282654	0.119082719211252	0.0119053903644361	0.00130638836870151	0.5633435408632	0.157719811729211	-0.0758884002432442	0.067689759538904	-0.0220210318533064
ENSGEXAMPLE056-rs000056	-0.0236006530954724	-0.178711979983048	-0.0340696954733366	0.0464720479045404	0.18345493156411	0.0279299115752498	-0.21229030560138	0.266469210485696	-0.0296430131225707	0.0295315057616405	0.14421455029642	0.48890487961679	0.295997756296674	-0.175220871806959	0.218419912379267
ENSGEXAMPLE057-rs000057	0.0314251184477497	0.244589601948022	-0.069920902382866	-0.504841869579432	0.159536885544771	-0.224649725467911	0.379134049268247	-0.312245578886792	0.465475477985501	0.0027675015185932	0.0589904836919781	0.043849871682424	0.0161936759878137	0.0486113146197931	0.278724761234614
ENSGEXAMPLE058-rs000058	-0.00449763397806978	-0.0582661864385015	-0.115849753230271	-0.128441438237137	0.00704576025956965	-0.00254313820612706	-0.523838524171908	-0.0944467198199052	0.425995155859908	-0.347770093591121	0.181481006730352	0.0515125427648832	0.0968629136375213	0.0534183659399764	-0.297847888555771
ENSGEXAMPLE059-rs000059	-0.00922273024248318	-0.256343367922276	-0.105042423592609	0.0916069773494774	0.0769660301176277	0.312228689085342	-0.0236882724089822	-0.0541591728672099	0.14361825335115	-0.15025783556807	0.155201712758496	-0.0376378903298439	-0.0535902101370521	0.136178152665848	0.093819636246412
ENSGEXAMPLE060-rs000060	-0.0161946688430273	0.110221787343193	0.207290880760739	-0.0355521231524139	-0.154956350776962	-0.303859382946677	-0.139828394982468	0.056124245889047	0.270675348005062	0.124559202092343	-0.431457904556783	0.261524029203956	0.0595431949396915	0.405634776633169	0.00223671602091899
ENSGEXAMPLE061-rs000061	-0.0689680491317482	0.0443158810497087	-0.268073895837745	0.079909707884158	0.0490487059558506	0.00286786026526806	-0.282371262605473	-0.294290996191057	0.0829620435454966	0.0864552890875071	0.330921641872475	-0.0205831158877649	-0.05439942417524	0.182480617268905	-0.303179770122359
ENSGEXAMPLE062-rs000062	-0.0186675647277932	-0.29428087982706	-0.215292344721491	0.325179893081345	-0.0651695340014123	-0.288263472134111	0.615998430548	-0.164982732269165	0.0263692719199845	0.861802277246908	-0.0500847104360748	-0.233131938947572	-0.0847525677372774	0.202464841316364	-0.0701757188700989
ENSGEXAMPLE063-rs000063	-0.0117027992748584	0.05626369435252	0.313053022257118	-0.309783855132013	-0.381625612917927	-0.152061384289684	0.499825942234331	-0.512386492334332	-0.00780724724868972	-0.229485355010001	-0.0468533670175318	-0.194715347742543	-0.139361824830168	0.0639161794352153	0.14286550587568
ENSGEXAMPLE064-rs000064	0.103915280461162	0.647809951941272	0.0404879495272578	0.168175249373614	0.328572186965404	-0.084112079776715	0.0383109737202678	-0.0945852220045105	0.456870817842698	-0.111860305091662	-0.535626102558582	0.184726153998875	-0.0754873236274984	0.0939464291018982	0.555671715778862
ENSGEXAMPLE065-rs000065	0.00167801625307185	0.389984855457781	0.0215523022882204	0.381925869786304	-0.169053273625045	-0.276816753555146	0.119184716362564	-0.104642657660166	0.382799058882594	0.101005070709227	-0.42896589207339	-0.0965906069253501	-0.263370478475665	0.051356993580929	-0.300046503839757
ENSGEXAMPLE066-rs000066	-0.0538965801505515	0.12305604482708	-0.135012391559008	0.259127405225869	0.0159063879087184	-0.26491871036216	-0.595494256731759	0.414189477133851	-0.291497254625472	-0.264584493743996	-0.253915385032549	-0.0341204208829964	-0.150029235745587	0.159735645360201	0.0802023455994717
ENSGEXAMPLE067-rs000067	0.0177435651463581	0.0576898419834605	-0.0465078012556271	-0.229333255691152	-0.00434823916015525	0.0681526960880388	0.0829608196473518	-0.100077182113137	0.0975354328122645	0.113161602670544	0.221364607506118	-0.0952948673717095	0.173819168140813	0.186045555416286	-0.0523446742823781
ENSGEXAMPLE068-rs000068	0.0193936167052964	-0.00980820027814874	0.210134359071796	-0.262145155993122	0.077239582121361	-0.275641950608068	-0.100507078079882	0.0864640565482104	0.0936135736023878	0.0917661860689859	-0.0834755995529665	-0.132136107125349	-0.0637185580119022	-0.0758720859475341	-0.145273071531542
ENSGEXAMPLE069-rs000069	-0.0440082697841312	0.157279893365574	0.160392524282078	0.320516057220305	-0.105362892859917	-0.0299318360750005	-0.272282364429327	0.316982192457349	0.128841774885559	0.0964278363253101	0.225912544935787	-0.517882076311336	-0.103138609909229	-0.140285217238564	0.0142230183206284
ENSGEXAMPLE070-rs000070	-0.0643485527155988	-0.0695150984475792	-0.047858697390776	-0.0981268587285823	0.17615211370269	-0.087478524786479	0.0829689211805241	-0.0770091614506615	-0.247039466226504	-0.370635315080597	0.460458397269627	-0.200258609595977	0.0709975835030708	-0.110948429908557	-0.252729350587782
ENSGEXAMPLE071-rs000071	-0.0972044939039292	-0.295301923715163	-0.189296768365421	0.0328624922223401	-0.423024755440795	0.158527414172329	0.310956989761262	-0.224280114884749	-0.658271924715036	-0.0433114758417536	-0.0789427453761562	-0.31408444820118	0.102294138966798	-0.193387117778136	0.00996102324863934
ENSGEXAMPLE072-rs000072	-0.14568794208679	-0.0394913810252719	-0.100162077300207	-0.234970866211136	0.00738902833192578	-0.282267721851787	-0.126986147491317	-0.4989748259296	0.108751174247388	-0.388927311249967	0.203363094583632	-0.164718887186617	0.088681597888624	-0.28303499833333	-0.533196234277871
ENSGEXAMPLE073-rs000073	0.00481050561409636	0.270008344965134	0.235455172491702	0.19270731319865	0.283544429702228	-0.246941878876011	-0.355463315140732	0.0492291976964724	0.196198383775499	-0.320846578254541	-0.300097177442464	0.0313382284425812	-0.166840506353543	-0.223849836404974	0.058658047657602
ENSGEXAMPLE074-rs000074	0.0624597522082424	0.118361363490577	0.220550403153185	-0.0583198472161216	0.385499973741127	0.292778411974822	0.168824571644289	0.125334140804253	-0.359069444224937	0.0823341315070927	0.110588841555617	0.073042794110786	0.0646632583953479	0.552547914001829	-0.142951686744403
ENSGEXAMPLE075-rs000075	-0.0389893940657395	0.223734341118984	-0.0231406330729611	-0.333729956302051	0.085748426083793	-0.44553792654468	-0.229986368043877	0.0442455591267772	-0.614801759053867	-0.195403953964865	0.0487715935696367	-0.0972292687756473	0.00831273007720177	-0.060460350735389	0.0981904006591506
ENSGEXAMPLE076-rs000076	-0.0765526448705575	-0.349218624869899	0.103793745847141	-0.332201272971179	-0.175501407181795	0.0425418133184211	-0.117606604297692	-0.261800518915972	0.275888584528171	-0.256846837357806	-0.0638197444597242	0.0969151289644016	0.0409548208601492	-0.00408563144875034	-0.116815085933716
ENSGEXAMPLE077-rs000077	0.049929263753217	0.277255820773596	0.176216675285493	-0.046038114546264	-0.346370494211412	0.4331101174192	0.113420526748751	-0.19817067573253	0.114206682106408	-0.0681799506735034	-0.0930052609403785	0.267430770465194	-0.148634303607998	-0.423625956915519	-0.0194018467746686
ENSGEXAMPLE078-rs000078	-0.0686531086974103	-0.0135521983478152	-0.19097078533703	0.21014234546895	0.172602588947595	-0.348584777024751	0.133397172590937	-0.165799646465376	0.0871168475790971	-0.0471320726686578	0.167734056570317	-0.347147594660936	-0.0621073007795769	0.210990941460005	-0.187761958567778
ENSGEXAMPLE079-rs000079	0.044494250739111	-0.101366812232186	-0.355531254320178	-0.27874547720457	-0.158664532378188	0.110732186974016	0.0189050083760715	0.0463338140699556	-0.0166419967129525	0.0577259913083036	-0.130302676959992	0.483143477745097	0.291991805038228	-0.262306346082331	0.456872022263668
ENSGEXAMPLE080-rs000080	-0.118940139293316	-0.0261617622136049	0.0973316350410682	-0.264424187024717	-0.05130395298375	0.0568434883505177	-0.0657030194640725	0.228591982023365	0.214178567923513	-0.0945003838057733	-0.332214195217598	-0.39254207987302	-0.301513946084567	-0.312393379674301	0.0517290557926441
ENSGEXAMPLE081-rs000081	-0.0482566684876728	-0.00331250280871603	-0.564615055403856	0.0848388381844528	0.0782690950924963	-0.0906354439787362	0.153209025950405	0.0279454013554259	-0.14778825505413	0.0879741291575133	0.484881944030819	0.0134022398957417	0.247265328308857	-0.245960949940679	-0.100255808634094
ENSGEXAMPLE082-rs000082	-0.0238266516816953	0.138049250881385	-0.17454889110657	-0.0564920620089668	-0.156683656640521	-0.263665737739124	0.147948261928066	-0.385131140418758	0.0766999261883598	0.0576120238215197	-0.0489025055916238	-0.128312584133219	0.0810692221470424	-0.284188750139413	0.369580881809066
ENSGEXAMPLE083-rs000083	-0.0393505749482147	-0.00653720052311481	-0.0938649431096477	0.22169912173215	-0.279423957940074	0.231790750264273	-0.163628297026351	0.0860444241605639	-0.0250717065549919	-0.358782493935684	-0.064989979368331	-0.242988156075818	-0.0844458820824359	0.173641901946902	0.249431888344432
ENSGEXAMPLE084-rs000084	0.0133576564270464	0.165756546407984	-0.0847398777233225	-0.141064903997054	0.364827469510601	-0.31243598046646	-0.307123697403284	0.218585837819127	0.220472068065276	0.16190134837877	-0.129038314330322	-0.0417406615788241	-0.178832078232021	0.205801572717744	-0.0541595080148462
ENSGEXAMPLE085-rs000085	-0.085956806201586	-0.0609200597871417	0.344177042015549	-0.309631898290895	0.245854864921297	-0.130474906361137	-0.109019427945901	0.226206805488984	-0.22049389990149	-0.245480654080642	-0.165624008864354	-0.282931863505532	-0.164959802639511	0.0115357710468395	-0.189107872087972
ENSGEXAMPLE086-rs000086	-0.128503305981669	-0.15729375107739	-0.322429928930773	-0.105423527545652	-0.10513787953526	-0.409475747775023	0.0176241218187601	-0.217681901205317	-0.160160610889579	0.0790771347802353	-0.0268665333475012	0.141881012290152	-0.000780434252818873	-0.28228016919468	-0.271690934712254
ENSGEXAMPLE087-rs000087	-0.00280952022572227	0.0258987618824867	-0.0461728673757434	0.0651358703929877	-0.280809728819755	-0.00597171586117128	0.142016999831376	-0.27103284409902	0.302596530322076	-0.239321411349808	0.153500963527779	-0.308861213967411	0.363655725491136	0.186621806554944	-0.257785844236868
ENSGEXAMPLE088-rs000088	-0.0735574167424366	-0.152986701205841	0.00711587455423102	-0.27045895152706	0.0192761483265037	-0.473624765850423	0.300741340744871	-0.32526865748827	0.119841175181732	-0.0267704296518752	-0.0601142820757551	0.549024292511986	0.0275312543679038	-0.0350830297540029	-0.0242460892420075
ENSGEXAMPLE089-rs000089	0.0253356251259693	-0.115082483486411	-0.044064713084052	0.0980135976587808	0.0907905539678934	0.200196656410182	0.0475585393847462	-0.271170802955013	0.383241946686637	0.178427739279898	-0.137825164279455	-0.0505547718339841	-0.0967275779894426	0.197063478066526	0.0114760565268531
ENSGEXAMPLE090-rs000090	-0.0246276873061669	0.119151014376923	0.0546265991475983	-0.144433767475361	-0.144172538416256	-0.35947175510223	0.0903429920211005	0.100671206758724	0.21099100334744	-0.0953502883859186	-0.147309213724338	0.142965979702884	0.272274236416121	0.260365124967184	0.0297172090764749
ENSGEXAMPLE091-rs000091	0.0287129510779869	0.163753572633748	-0.193994413966512	0.0522784157172755	0.13156437188191	0.248615843847537	0.0715195940725802	-0.088264210310815	0.198128807970329	-0.288448951459171	-0.158646741200584	0.185268430926153	0.0222354208306274	-0.226455925277131	0.450425406113401
ENSGEXAMPLE092-rs000092	0.0417379318514625	0.324565261189884	-0.0231510232846333	-0.266573264634415	-0.150133128475608	-0.20770286087418	0.314434743982325	-0.167756363372642	0.155034955097919	-0.00261776240138512	-0.648623327077593	-0.185759329235267	0.0547991420335949	0.0639611839979612	-0.280603440072133
ENSGEXAMPLE093-rs000093	0.00277156546066705	-0.0265286853585894	-0.137647684729302	0.108508454297559	0.426956410726807	0.051487058473287	0.0356080192172404	0.285177740779497	0.0982457040148999	0.140655975289403	0.131299769654913	-0.213020129347886	-0.170108783800234	-0.0407236731716292	0.00786682375529729
ENSGEXAMPLE094-rs000094	-0.103468087206811	-0.125508832348899	-0.587288598373518	0.021175450656472	0.0336130171434379	0.118809774023	-0.215243537884274	0.278166676642984	0.0564407417240569	0.0330393644568588	-0.0632389842307329	-0.134590487208487	0.310208766270009	-0.237397920395378	-0.0660233887694423
ENSGEXAMPLE095-rs000095	0.0363787592017289	0.0864648995623562	-0.20715466379735	-0.180965218909608	-0.0936691265210086	0.106755514269378	-0.350775071215822	0.00329409045388666	-0.0163478363103823	0.535759778197143	0.0332965214747749	0.117669985096043	-0.0983193732926319	-0.111638461732756	0.162879223547638
ENSGEXAMPLE096-rs000096	0.0362027932118624	0.00838272978820176	0.181401000151212	0.279905037505972	0.223155984242172	0.269507090282489	0.152084348818543	0.047015516918462	0.288803060772363	0.117933077674652	-0.0375703026636039	-0.0636816494040499	-0.177030924750302	-0.0170905314019296	0.0857238202903363
ENSGEXAMPLE097-rs000097	-0.00251642431808183	0.113654221116356	-0.116888764751533	-0.23524274876445	0.16032184965477	-0.0168037278161472	-0.304404749085475	0.440761401046771	-0.27708698918236	-0.0891927247433675	-0.098851790686754	-0.0535985923341367	-0.370766280124551	0.0181660509084812	-0.0869666444265351
ENSGEXAMPLE098-rs000098	0.029433886161214	0.192603605638127	-0.110114354574458	-0.130483746087103	0.301011839262137	-0.0154431373327729	0.289298726262237	0.233243326641179	0.0209699637798804	0.164398132966366	-0.414526941830234	-0.148596401166572	-0.167725570053248	0.199239010377666	-0.0939285269055952
ENSGEXAMPLE099-rs000099	0.0396186644774312	-0.101597643344879	0.144962812051023	-0.00830650720586118	-0.154945470431467	0.272794216874874	-0.435911057716272	0.129974033465768	-0.272204731135576	0.03578444430819	0.168037404330545	-0.126845692002408	-0.0503482935489549	0.0977515291468559	-0.0882926851954752
ENSGEXAMPLE100-rs000100	0.0835770366207452	0.0461247440675816	-0.0230201476010903	-0.0110883782527739	-0.20631704048897	0.304558245215591	0.187707037331966	0.0431235579712907	0.516626978300488	0.375480273167423	-0.400032207230635	-0.38978256193662	0.019776030037136	-0.0447615047922392	0.145275083295636
ENSGEXAMPLE101-rs000101	-0.0364878413275578	0.217939554576963	-0.146019865385009	-0.256732048220646	-0.00962019333013305	-0.393922567905938	-0.2281889905449	-0.143681051431832	-0.328678216704693	0.300406506804087	0.0967773741982396	-0.314477652622816	0.0955997039869911	-0.00828037134119165	-0.235335460923721
ENSGEXAMPLE102-rs000102	-0.05332554865076	-0.345064799885527	-0.216639903216753	0.0204992386250391	-0.183936396794096	-0.175342343212812	-0.0958742658083715	0.175263077322394	-0.043027653304749	0.150053584367008	-0.0720614716744891	0.0395373920984172	-0.0587513441995916	0.183969757148271	0.493873136636036
ENSGEXAMPLE103-rs000103	0.0628425034366659	-0.0150142133232368	-0.078693707168713	-0.0496399200387751	0.342058310558763	0.0282471986174815	-0.00895709301464209	0.484608719343684	0.296840156139233	0.427483757388399	0.0703365824905709	0.239400353971837	-0.423809866846164	0.0827082662430226	-0.261544598966361
ENSGEXAMPLE104-rs000104	-0.0658216070911358	-0.563205390355898	-0.125264582269892	0.0165162619619606	-0.238631401265796	0.0414568677777557	0.120962877542296	0.171185930499084	0.159222322954036	-0.192514006346358	-0.128935970814567	-0.0701325623176657	-0.00208648560832164	-0.0175786411576268	-0.160459506769755
ENSGEXAMPLE105-rs000105	-0.0513123770666239	0.28105008007233	-0.0154905630205884	0.297358091640786	-0.0533193102679818	-0.329949030447904	0.273319026406481	-0.236587642767357	-0.274780865414528	0.0637753701709209	0.0698127002517243	-0.325781277860117	-0.077328895831666	0.0503245378303449	0.153982689444819
ENSGEXAMPLE106-rs000106	-0.135166577501909	-0.0644022175192674	-0.200734118425954	-0.0729498247580632	-0.165123192142305	-0.219688802083693	-0.0694094681308735	0.17653244823386	0.123263833019373	-0.179774435873538	0.0193323123320034	-0.155298061854899	-0.161790222572906	-0.312484036941071	0.12175498451245
ENSGEXAMPLE107-rs000107	-0.0130580924452403	-0.215108149778788	0.336932153828706	-0.096585528553442	-0.00372299759554831	-0.172587978091617	-0.120365804052462	-0.229563808266839	0.00185206087151051	-0.0612407931627496	-0.160009337894419	-0.138223164553695	-0.198715671832769	-0.00678705276826432	0.0348916297069164
ENSGEXAMPLE108-rs000108	0.0576415647520848	-0.0801479236763364	0.0780647765397357	-0.238425272503031	0.380466718646608	0.127996185494672	-0.275312841419678	0.145053085777312	0.065344036183362	-0.0323913089995323	-0.32065822377313	-0.0169569800950047	0.0459914796532897	-0.0848908727906145	0.0655473867837469
ENSGEXAMPLE109-rs000109	-0.0154544742807685	0.0187792768562351	0.0689407386950346	0.161502630807252	-0.0924914804655087	-0.129562078388773	-0.114825291442034	-0.204328162649502	0.156099193754502	0.0382826277141865	0.161072549643249	-0.235651299719991	0.786395664014419	-0.324365123745212	-0.540045105195421
ENSGEXAMPLE110-rs000110	-0.0122918196756792	-0.160968986611815	-0.142363398521852	0.185341055911055	0.245982233443056	0.66780404403128	0.116790981895927	-0.0289729800398983	-0.444281559447635	0.0457518403539802	-0.255837265783774	0.156857857328836	-0.126096863018554	-0.462784069024579	-0.0673624016288144
ENSGEXAMPLE111-rs000111	0.0557375788524543	-0.126575563669717	-0.0900075650838398	0.154272379441958	0.433486085860534	0.0897669119151396	-0.307281781097358	0.174336021167873	0.328644102813618	0.134878204053844	-0.278303891995231	0.491123407442721	0.125939755255303	-0.238967241564128	-0.0406961257873758
ENSGEXAMPLE112-rs000112	-0.0370467563111065	-0.247435493417524	-0.199989747959235	-0.0574581873022075	-0.173585155142332	0.0837196682453057	0.382396623951692	-0.15761566218946	-0.164017974285716	0.108553663299612	0.0507939606927574	0.370826640970103	-0.32184644040017	-0.211653829946711	0.149309707525794
ENSGEXAMPLE113-rs000113	0.0135761894006158	0.161054283983334	0.042146671293905	0.298756890637514	0.0897842948406032	0.0501470420064248	0.423321388825615	-0.169200122068515	-0.085934115352283	-0.255710225530286	0.208380230141992	0.0484462600529054	-0.122255990221297	0.181636989866445	0.245643445273157
ENSGEXAMPLE114-rs000114	-0.0485035759863448	-0.2866640291228	0.0294802454659216	-0.0829913573766765	-0.223441145916369	0.0390943563715559	0.0197578662311958	-0.503396771608822	-0.141753291822702	-0.176440896107973	-0.390291283856194	0.0769234445657385	0.215586963646303	-0.267224049130595	-0.0216571063084571
ENSGEXAMPLE115-rs000115	0.0153779339855502	0.316522068600653	0.227656924115505	0.0802749502257156	-0.315708897506548	-0.0820082154162404	0.425800979000954	-0.237031545895506	0.0850314360396318	0.168724284343512	0.148273946037956	0.231859892042103	0.452671889680601	-0.162721968672688	-0.171084560870674
ENSGEXAMPLE116-rs000116	0.113825457810978	-0.0487277431949624	0.21320928781382	0.112733050500981	-0.184670349458375	-0.0528961817871213	0.353278990810235	0.272333505794194	0.335232638909005	0.303590363981698	0.370916069671602	-0.237212183096269	0.189921024033086	0.205888313518726	0.0809593146366312
ENSGEXAMPLE117-rs000117	-0.0205662978302977	0.0744863868933572	-0.101404762688328	0.258095663049434	-0.0475915354206516	-0.220576410954501	-0.173381732648246	0.0539110364368512	0.0381719403882759	-0.0469922018427731	0.348920006957383	-0.121230945787015	-0.00605102059883059	0.00167194765457254	-0.116293198382637
ENSGEXAMPLE118-rs000118	0.0419210996246278	0.000841447715128459	0.310412001049987	-0.230378568102828	-0.108709885625007	0.139235687852684	-0.201463494494853	0.0699001856104171	0.841894164305503	-0.175694365097097	-0.262683859811456	-0.0526716016073828	-0.100429578710354	0.0327043303756424	-0.264749473396194
ENSGEXAMPLE119-rs000119	-0.0189283108517886	0.15714087948422	-0.221660475119469	-0.177585747605833	-0.143527591190713	0.146977604001218	0.137056853946185	-0.0308530672393949	0.23326897056806	-0.466911669821871	-0.346202530065197	-0.235954075555573	-0.0566782698916626	-0.134313891304801	-0.0922929735382452
ENSGEXAMPLE120-rs000120	-0.0589626187636143	0.0492846122237301	-0.19074574309222	-0.0139203843033058	-0.0494111331877751	-0.458062889203795	0.4531159845784	-0.0130218438370311	-0.205179363867723	0.360230592705099	-0.396799524021589	-0.104215067913752	0.0190519488516492	-0.146440641242407	-0.0213668952140288
ENSGEXAMPLE121-rs000121	0.0611301426377226	0.0433510724976244	0.4233231222031	0.091201949153601	-0.416397077156594	-0.161525069894354	-0.0273338808118637	0.214818840030712	0.304730286955285	0.0172360722116675	-0.00338781834930882	0.141377861793178	0.140166826466598	0.109419820791772	-0.095669433434965
ENSGEXAMPLE122-rs000122	0.0345955912564459	-0.0503774629600366	-0.394073802930674	0.226029171296699	0.32506914414657	0.105397573793096	-0.0241231378244237	-0.101061287122142	0.483652489531371	0.00920340900925082	-0.153646484921478	-0.333961868481319	0.0213135511073353	-0.134943026387577	-0.068897136040705
ENSGEXAMPLE123-rs000123	0.0994611425362229	0.556883992695553	0.303836043169477	0.26201211592939	0.198620340061699	0.331948743008761	-0.103605756305517	0.0929527250558205	-0.0448895103857312	0.0630757384591386	0.229140510776307	-0.396174818726441	0.188460700543703	0.278701635655889	0.14890568512171
ENSGEXAMPLE124-rs000124	-0.0113103816337292	-0.0438267838607613	0.0164940656658498	-0.409777046972291	0.307401428666134	0.242532567566499	0.0514197198924289	0.517153710239734	0.212965555824534	-0.0136976346050422	0.0981291277397351	-0.288694244124316	-0.108532226878058	-0.0275726419680935	-0.718001594305387
ENSGEXAMPLE125-rs000125	0.0970419028223329	0.0600683532940134	0.0955304743533538	0.0212284473399924	0.130970686979428	-0.237798746580373	0.378721128722318	0.279145769620091	-0.238918686898008	0.17597215889346	0.0703781595363574	-0.10270696266731	0.0671653922721362	0.603082312375012	0.350328174719853
ENSGEXAMPLE126-rs000126	0.04158391094153	0.192760755085173	0.384222977060912	0.00374254607489101	-0.193486729339512	-0.291602641789909	-0.308531274699743	-0.247210733005113	-0.146029167163995	0.291056107911166	0.383756070252839	-0.00158085143083425	0.16967491918047	-0.132131738012539	-0.0275975845904558
ENSGEXAMPLE127-rs000127	0.00588163867872677	-0.1609192617177	-0.0579604698186983	0.289132233791517	0.0592973279457617	0.0663537303957223	-0.115647250167927	0.399560656651753	-0.284545070861248	-0.00158657430933332	-0.154940854793475	-0.128788734820849	0.0702822362362423	0.115014399037726	0.0123806595849224
ENSGEXAMPLE128-rs000128	0.0323983175237188	-0.17295719228557	-0.152087316377025	-0.00942574746305944	-0.13546362744699	0.217398621929168	0.255023571095531	-0.0473713526245014	-0.151217056230455	0.192321358142092	0.27010344493271	-0.239507400500651	0.0397649737970831	-0.334474785067262	-0.0923112841640412
ENSGEXAMPLE129-rs000129	-0.113541714255917	-0.0731041571194182	-0.129787505717285	-0.14926571248524	-0.145531971904894	-0.170433155985829	-0.316588700803734	-0.0974832017459718	0.132718105482228	-0.0549317663701414	-0.000799319092785189	0.283938390980907	-0.100434914629624	0.1706950550877	-0.235600220417529
ENSGEXAMPLE130-rs000130	-0.0435571777048089	-0.0547983407672468	0.067508962732845	-0.0198138776039458	-0.276146502859087	0.523931491245214	0.0145521377713615	-0.359630418697615	-0.0991478004156298	-0.18720853325987	-0.171218840420902	-0.13869248867712	0.094766247957615	-0.159826901172422	0.28522094172909
ENSGEXAMPLE131-rs000131	0.109755239670698	0.361368241461886	-0.0716402946687877	0.178178152643158	-0.0610898770742658	0.206871468707221	0.096908820822174	0.201985807215827	-0.0120634339820692	-0.146769431541198	-0.0824745136261268	0.0636371620335281	0.145533937157163	0.212206272063181	0.204824819979957
ENSGEXAMPLE132-rs000132	0.0270504799652916	-0.281226580364369	0.0656135039779548	-0.0599308652726597	-0.104551553206802	-0.0647365503201298	0.187735273732966	0.114091352443271	-0.0474881811894542	-0.282035557785338	0.217098474562111	0.205630654406907	0.0786774531587947	0.254801901499429	-0.232864830036071
ENSGEXAMPLE133-rs000133	-0.039298218158776	0.200232992941418	0.057291940023307	-0.157615328786589	-0.503493981178629	-0.495897202316603	0.0554602706068009	0.10716011049102	-0.270206366441551	0.261603977594028	-0.240491830543939	-0.051381560832823	0.258453441062471	0.491527099113988	0.139118386678209
ENSGEXAMPLE134-rs000134	-0.00618723991268017	0.140093669963701	-0.0799154910510538	-0.340447187003769	-0.295026820914232	-0.114216893489198	0.463532944823402	-0.0826195751338796	-0.00653893045601255	0.012066497266557	0.0335794079899085	0.0321764137077341	0.122541108459183	-0.09465983160075	0.0353794941003318
ENSGEXAMPLE135-rs000135	0.0719724775316276	-0.024674273742909	-0.12113282120006	0.357533118669108	-0.0287850460929726	0.203810031966918	-0.324141562707961	0.380462499626103	-0.0977454358090653	-0.216796358042437	0.242192167502381	0.0614774553307889	-0.203777939786547	-0.111083279634372	0.126151772185403
ENSGEXAMPLE136-rs000136	0.0486200899410472	0.0148056261667592	-0.100725155689829	0.131828306294922	-0.223933581164643	0.0499026874039782	0.396161003714876	-0.0934437233138149	0.0981182965643109	-0.178805591433486	-0.208478591428727	0.609530410070444	0.230445213834073	0.114778564806707	-0.0385292258318643
ENSGEXAMPLE137-rs000137	-0.0452556034757038	0.159393163594272	-0.172654435863631	-0.0163995661646451	0.0211651827635765	0.0641429428095594	-0.184041629414619	0.444606316270167	-0.0245552067244142	-0.0835076970181814	-0.0318174661504922	-0.136157448189441	0.107746019193859	0.150296384279582	-0.0203235471885172
ENSGEXAMPLE138-rs000138	-0.0247847311194056	-0.0500015932164966	0.0777990005224709	-0.146032148323173	-0.356654057408926	-0.360481302838345	-0.1955428249933	-0.0790415265711821	-0.0459314646321842	-0.0598657878277375	0.154732299636757	0.149121151311025	0.111833190883842	0.0969521717840031	0.134639191817995
ENSGEXAMPLE139-rs000139	-0.0353829466665492	-0.0918184438818197	-0.431272256700415	-0.138459837242187	0.468547291398431	-0.193465180324896	-0.0408370948046392	0.108553923874948	0.0472372195378356	0.305290552543087	-0.0617814919764056	0.108408632602226	-0.0439494288054266	0.0852513023282545	-0.0641480840519903
ENSGEXAMPLE140-rs000140	0.0391511278404156	0.0815580324112807	-0.0212116908171183	0.17773384673394	-0.0546639339788883	0.0258439486600466	-0.451637354762729	-0.301397277223582	0.162719553521159	-0.0569154209041176	0.38815606956261	-0.222611629535799	-0.0425122672726606	-0.135209057837842	-0.045294497492037
ENSGEXAMPLE141-rs000141	-0.00957293566979958	0.209501284228899	0.00809617563691285	-0.223067011932046	0.176037912281269	-0.00464491441057298	-0.337509513328154	0.114708928267534	-0.162112101183357	-0.189668809079347	0.149955387067417	-0.112313106016302	-0.156034821478791	0.127903336815751	0.00127344837464614
ENSGEXAMPLE142-rs000142	0.0924649266348827	0.119479871060899	-0.100882656334889	-0.0817748816514791	-0.0886716299936062	0.318210800770259	0.256820721374673	-0.13257815577637	-0.0396451475776734	-0.501278770905072	0.0217572734562233	0.593723903381382	-0.496691765052047	0.222824043997076	0.163258372768255
ENSGEXAMPLE143-rs000143	0.140621568367204	-0.100299947978673	0.41434717972446	0.21514048513058	0.450387587426416	0.509444345376615	-0.248538833429579	-0.150108369783656	0.17062059773887	0.158565811425732	0.542312344701904	-0.0936537001333554	0.284482527370941	-0.526922444048839	-0.065262024101635
ENSGEXAMPLE144-rs000144	-0.050376879229718	0.00392337906265252	0.145021087685473	-0.0048002122472974	-0.0570470174980784	0.157805916255516	-0.0723378918477987	-0.0286582072947902	-0.0917257792360193	-0.441883823039916	0.255923442675119	-0.0577962498700042	-0.0759590660706172	-0.0446497599879689	0.124072639023879
ENSGEXAMPLE145-rs000145	-0.0636493400304006	-0.382591726945207	0.128519434036695	-0.113694236590581	-0.00928194552784742	-0.337182382886567	-0.139837906231918	-0.140980490656461	0.251934961469558	-0.41985055519383	-0.171392146595377	-0.466859257195116	0.258263766035601	0.519657401067964	-0.162602730367429
ENSGEXAMPLE146-rs000146	-0.094308785366545	0.150475952647668	-0.0855965934635017	0.315861539694002	-4.43156027936376e-06	-0.395672071578575	0.0720787732656243	-0.229077064850296	0.0516891125637737	0.00898553094748507	0.153934334909697	-0.0267519019816662	-0.0935673795678395	-0.168849847112239	-0.18421586484181
ENSGEXAMPLE147-rs000147	0.0619992247314513	-0.298648996608117	0.167611777474774	0.112779576919206	-0.158648160037714	0.180795391967485	0.420738957477582	0.238482118070461	0.0485878650521949	-0.0502139743108021	-0.431211981409194	0.119075652361966	-0.149043048053301	0.136813667351559	-0.220690867909704
ENSGEXAMPLE148-rs000148	0.0300287517272306	0.547932728438569	-0.17934182060272	0.15667094500186	0.149377027628954	0.40866042987519	0.0422088291092817	-0.222072874517482	0.190906200383918	-0.267229405342544	0.0833189100453451	-0.140660408540251	-0.0896705471250421	-0.170491826899676	0.224035336975377
ENSGEXAMPLE149-rs000149	0.0575000597954716	0.0484197586467144	-0.115233092389968	0.345026819345485	-0.0300620849724386	0.233013565512133	-0.121606106321011	0.156583879773478	0.0219644201945264	0.211405357933615	0.387774267054693	0.140652887752543	-0.280003462483245	0.168413716088125	-0.173972748554182
ENSGEXAMPLE150-rs000150	0.00794096667360993	0.257257149083894	0.038986707135354	-0.324127040807419	0.147596151678245	-0.128792861611709	-0.41833501699407	0.224782527357339	-0.138395730600037	-0.217247273978331	-0.332040433797037	0.133810892784511	0.0703867558686	0.216146330283461	-0.154389977783867
ENSGEXAMPLE151-rs000151	-0.00876219549431814	0.338733813947112	-0.254355736438478	0.0828211004233688	-0.223831498971278	0.193549466797053	-0.119861664237366	-0.219846543384866	0.220129120912269	-0.303576061807372	0.0317554284674333	-0.236065040084766	0.304397225010484	-0.0855825691757146	-0.321842919901236
ENSGEXAMPLE152-rs000152	-0.0540926541030502	0.103370196609998	0.194216656571311	0.049601456929683	-0.179216343819787	-0.256427146245795	-0.419186543822175	-0.345936615916591	-0.0197117320491927	0.155182739496049	0.115554498668476	0.0412739659185666	0.0628224859616364	0.156477972567122	-0.114794727893125
ENSGEXAMPLE153-rs000153	-0.0194070970202527	-0.0907059602421776	-0.327169982853807	0.249586497346371	-0.0987447046130828	-0.181493377541365	0.0600535019918206	-0.0364863956558169	0.0518526501574753	-0.206374007864411	0.312089965835623	-0.0196165553653539	0.341216203907305	0.140324442010549	-0.129698295089958
ENSGEXAMPLE154-rs000154	-0.0140473101525258	-0.25282208841423	0.0498959901574233	-0.100923777228668	0.0350918484922891	0.387153989564386	-0.405778823934438	-0.320540826214182	0.131885024099948	-0.0503362181916103	0.0777503885100293	-0.434719215878203	-0.38445704863911	0.236566668376285	0.0888176886478639
ENSGEXAMPLE155-rs000155	-0.04502706482912	0.0430375300081248	0.0669870891359293	-0.161772768651131	-0.01521912721793	-0.100192127021648	-0.0466530084116926	-0.0749867768476521	-0.0915935221259076	0.00209451904429524	-0.206047246924321	-0.0344179608036288	-0.109439168891838	0.0942046702231997	-0.26482760231303
ENSGEXAMPLE156-rs000156	0.00176541636219075	-0.0758660152063639	-0.15551332416368	0.395615133878138	-0.00952017842006052	0.110794014800632	-0.431312682276512	0.0458380605187225	-0.434171365797196	-0.0815457297219758	0.293601861760957	0.154021799249225	0.0953205267729917	0.159746374596774	0.0662535921552757
ENSGEXAMPLE157-rs000157	-0.0553849414740249	-0.0388971088240986	-0.00630292361687968	-0.0191016190084086	-0.674143519882987	-0.254501365197393	0.0333408579806721	-0.0142701132428811	0.13812111326532	0.104787912184178	-0.534352987201921	0.0577290770854053	0.0623564887524257	-0.0503648377292969	0.250730446372598
ENSGEXAMPLE158-rs000158	-0.060787011676578	-0.0329464476769928	0.157415467369788	-0.295353717139416	-0.255002311236033	-0.14547044814271	-0.131144700033777	0.246727267265374	0.0640853038369252	-0.14213002056712	0.293661874295188	-0.164258328397912	-0.120173801525288	-0.194954729962512	0.0280628362262144
ENSGEXAMPLE159-rs000159	-0.0198076038867998	0.132000161029489	0.0632343487678217	0.362266575979099	-0.212965262046984	-0.126928384808087	0.0994132913055612	-0.145437833077723	0.150871746561517	0.0681858612303214	0.147183045408023	-0.0213496412941427	0.147931630880491	-0.175919759389087	0.158910167837074
ENSGEXAMPLE160-rs000160	0.0124732148415607	-0.350695560828264	-0.157181716490805	0.0684598819788993	0.138868460188427	-0.0686768573438355	-0.190668871823313	-0.239444503563155	0.424533733705414	-0.289235938717006	0.225866944617315	0.0673387156256367	-0.158164852656975	0.0928879234279802	-0.109093436364102
ENSGEXAMPLE161-rs000161	0.0876859123074084	0.305742076627655	0.30098377273086	0.13689456373279	0.41587886919252	0.293217256834341	0.157465889654442	0.0928324983371663	0.122602807258964	-0.356888544437641	0.348082094672196	-0.0872683598529885	-0.031559666992967	0.069150420343362	0.359972915726909
ENSGEXAMPLE162-rs000162	-0.0317864386504034	0.134722410700533	0.31077151064173	0.0874094171334271	0.0771987045283784	0.00256288323575983	-0.36885887091175	0.0751517626638867	0.178528391946575	0.49075936581781	-0.0391421919109971	-0.0959898421557118	0.158500104660545	0.233859463344382	-0.219774532406969
ENSGEXAMPLE163-rs000163	0.0351315285637001	0.329933226270016	0.0895646876811	0.064122267935515	-0.0489166716086775	-0.226568956075785	-0.305156410134515	0.350520995636378	0.0366193650323021	0.995037512571217	0.0371927933862477	0.32239697547804	-0.299287155970313	0.127227719479961	-0.181873258635
ENSGEXAMPLE164-rs000164	0.0291177248130762	0.00430244011762684	-0.308453235263157	0.029958912329511	-0.131001260344965	-0.0778828750132023	0.243848319903363	0.098410531995094	0.447651317228397	-0.0960013967811151	-0.0506291669461748	0.196729482473735	0.0647323441120985	-0.377342262543302	-0.280304880871852
ENSGEXAMPLE165-rs000165	0.0543381240162741	0.225597084068627	-0.30505781406133	-0.343254868119067	-0.309501839495344	0.18259100333473	-0.137835761742665	0.275595629754293	0.0388040333029843	-0.0128292332129153	0.0428938106888964	0.129748687252951	0.21896166932687	-0.494556550054166	-0.040919808590711
ENSGEXAMPLE166-rs000166	0.00662810555800374	-0.252584555576607	0.150110814965143	-0.238267819117531	0.140505341847525	-0.122952031375729	0.026428583035414	-0.0183922450413496	0.233062610549517	0.246932355971617	-0.0996410727157815	0.399087449067787	-0.115406541768968	0.326195823161439	-0.226783117065092
ENSGEXAMPLE167-rs000167	0.00330591277215102	0.0539610118632974	0.0519230562872993	0.161272416651647	-0.114814613572965	0.456301394526703	-0.146244156094262	0.00210349308379372	-0.103403170877306	-0.20119581843879	0.0287083923864026	-0.722927333252067	0.117901690938496	0.0579971347170792	0.378591925371142
ENSGEXAMPLE168-rs000168	-0.00936975919879336	0.0104630755526901	-0.214759355129818	0.241852397336044	0.0145938946989069	-0.214828008815426	0.332768510409212	0.190917456957465	0.159975726268818	0.0246537424856988	-0.00924927958745615	0.138511466068359	0.194182162844359	-0.219693983608593	0.0127972059627602
ENSGEXAMPLE169-rs000169	-0.0235154975837066	0.353312799196124	0.0882278513427122	-0.388858322970104	0.0766233718003424	0.0479497996164862	0.187967683820184	-0.0478593679097267	-0.0488657327535227	-0.0884250778580208	0.14430491708696	0.0797417695809011	-0.342071535294118	-0.202546374656218	-0.101036114297037
ENSGEXAMPLE170-rs000170	-0.0211873277669268	0.0397300795140721	0.142970599185744	-0.0389643153329933	0.0184183775538388	0.193688840291776	-0.207714940292954	-0.207951130687199	-0.385477385616981	-0.0588261172407474	-0.137615136238192	-0.0923490614854234	0.095029856899521	-0.0562123201534211	-0.418372568829004
ENSGEXAMPLE171-rs000171	0.0234999027322198	0.0840595107534184	0.0658492504507099	0.259403432122153	-0.186769581754202	-0.161258768400886	-0.0358199238742791	0.0677429779744276	0.193884663178575	0.211874603460615	0.178356892190682	0.0172810216391139	-0.0759773779106114	0.249164844567961	0.276064576851064
ENSGEXAMPLE172-rs000172	-0.0111755571452609	0.0274729289148616	0.161806034518475	-0.138488258960014	0.132851758589316	-0.213544716812155	0.035128998944502	0.111200698681887	0.081493814303176	-0.0341545576957243	0.342055606165399	-0.00920347771374591	-0.0264269674268132	0.487971167549746	-0.445239851414574
ENSGEXAMPLE173-rs000173	0.0213476738422305	-0.0386125340202323	-0.013196863772178	0.406594081730544	-0.231072591191171	0.319088933255385	0.0224450171029992	0.284103872456996	-0.448331263767862	-0.26912532923259	-0.0444437770166379	-0.206476150394924	0.100275381996831	-0.121098274695548	-0.371931398433287
ENSGEXAMPLE174-rs000174	-0.00652694679895001	-0.15422204198461	0.369734988749161	0.387020873790806	0.293342793740969	-0.16125141703297	-0.122624309541789	0.171112761148071	0.306891909023912	-0.0187627375189913	-0.0827788926110258	-0.282547651904112	-0.201980830233931	-0.304103295840299	0.120989000575669
ENSGEXAMPLE175-rs000175	0.0554092227778708	-0.186559912750473	0.0890016788223855	0.449036798388857	-0.164294989861196	0.108230151767287	0.051745588257438	0.167859166434425	0.13083560833059	-0.297533416652071	-0.381678497458595	-0.1977836882746	-0.0838417271001242	-0.0267317094323775	-0.228029005832634
ENSGEXAMPLE176-rs000176	0.0383545944432437	-0.310374407700483	-0.238829065272347	-0.00225657447009568	0.210033018227853	-0.235370286682894	0.0718730868944077	0.0192399992834204	-0.0493387553167742	0.28390157643544	-0.311675584540129	0.0566531115174206	0.144155139052317	-0.217255867826169	-0.109100035391654
ENSGEXAMPLE177-rs000177	-0.000391581929734855	0.149321016570418	-0.366641055809562	0.0257756582047856	0.32610528624559	0.0239612964276775	0.569377228727688	-0.102963611987277	-0.00302827232144265	-0.19114780867892	-0.225177374231698	0.0301714540070925	-0.0501483634126382	-0.548980291200421	-0.0468243090702726
ENSGEXAMPLE178-rs000178	0.0133647163725342	-0.160423049230065	-0.0796696250855094	-0.17588964129338	-0.283982610961615	0.100235805189765	0.0330035468839938	-0.182897932681954	-0.105320288409503	-0.30493671654857	0.158721194751015	0.0542011786536812	-0.187724901242985	0.0305638659329023	-0.105151213302129
ENSGEXAMPLE179-rs000179	0.0103622363132565	0.0721312661789985	0.234981797044122	0.43216075001834	0.0263404986064394	-0.0976078469833428	0.0238849035605608	-0.0617644790876017	0.172378773786456	0.390863848754689	0.239561528386767	-0.194353525139302	-0.278668322268631	0.0841091690121049	-0.218085995027078
ENSGEXAMPLE180-rs000180	0.0661364459294572	0.271319374629283	0.225631354544943	-0.162001993146615	0.219289446463308	0.103979310225901	0.22515611521679	0.34062858206786	0.192791491857998	0.0631127419250057	0.493522889940864	-0.0181799479775585	0.223193579941024	0.0410452837487042	0.319741870758136
ENSGEXAMPLE181-rs000181	-0.0879912753460927	-0.320108485116307	-0.160961779420028	0.336604814282152	-0.188403701008529	-0.33992167273869	0.259413499567203	-0.29187722771901	-0.18391765309084	-0.191365661177307	0.0169747235762309	0.109444384858212	-0.112657161758709	0.201838074671285	-0.119127217745055
ENSGEXAMPLE182-rs000182	-0.00486533369259449	-0.00426873981955312	0.0388523408733429	0.373349734735434	0.0070207211211602	0.0222038108889638	-0.0587724394255385	0.285420592983095	-0.449333840062354	0.380905476362086	-0.0451068181544462	0.145803625900071	-0.162384910951105	0.636914245158071	-0.0309817804045611
ENSGEXAMPLE183-rs000183	-0.0786579969613825	0.53285667287811	-0.0856374858461735	0.203292873377716	-0.124959566000104	-0.104067756865057	0.125594362867961	-0.162136593602843	-0.100138783124558	0.0523201797938638	0.147200967886079	-0.201291976717637	0.0549724143710994	-0.0716970995582318	-0.0119667890229792
ENSGEXAMPLE184-rs000184	0.0677832801746368	0.218903743652398	0.147295260300185	-0.261173685558666	0.234095568459084	0.38964143914403	0.0452768955039931	-0.186342155655616	0.149149587925266	0.0356416585097948	-0.156407464255561	0.116565139659091	-0.145537785373659	0.209651957569283	0.00632326730519116
ENSGEXAMPLE185-rs000185	0.0375999278382813	0.294147964210467	-0.170063294346945	-0.316776678211188	-0.0032338676564859	-0.043758418768562	0.264921827093562	-0.122528967222406	0.0676362638341322	0.160400599917286	0.619294242106683	0.307251630315507	0.145568474661055	-0.125697236418402	0.127236061326417
ENSGEXAMPLE186-rs000186	0.0287315454495772	-0.341434237214194	0.39966321572726	0.118489442422238	-0.0343869768857829	0.0541734152447733	-0.133569078962203	-0.0469087117092386	0.0719184511389902	-0.152636035949521	0.00875129265802362	0.52709459356162	0.297091224597445	-0.324723866150255	-0.0387077733695693
ENSGEXAMPLE187-rs000187	0.00631662790807946	0.00826848862759798	-0.0671187714181325	-0.339942360975358	0.218517555926421	0.230564207654029	-0.604958275299662	0.56579310623821	-0.223117430684671	-0.152050625364675	0.44519922585914	-0.0713136434703982	-0.0200923097322822	-0.0576365651144736	-0.228391544535407
ENSGEXAMPLE188-rs000188	-0.0245291112559747	0.344542401739781	-0.234433124015108	-0.0846999207464217	-0.0855778606980827	0.433750238254864	0.131082651117778	-0.0142441016204086	0.0843327607205533	-0.250670739107612	-0.307113156199511	-0.116139840309269	0.180678068274955	-0.389293360016636	0.270798550339839
ENSGEXAMPLE189-rs000189	0.0134753949605691	0.0858722677604698	-0.375068723853489	-0.299712999592365	0.0673035494396554	0.122761107434212	-0.25147611608976	-0.301651176915305	-0.202664630120448	0.334759002256607	0.171455516171498	-0.24347676032141	-0.0600539764488367	-0.373052594605779	-0.0137159141026966
ENSGEXAMPLE190-rs000190	0.014222651867392	0.197265538645934	-0.273452291508982	0.149564776805264	0.115343933348013	0.0443529683568149	0.181646456617684	0.0329051309162656	0.227811499777336	-0.112605841375697	-0.149488144962469	-0.227919496332125	0.0516382561441187	0.158010438258429	0.50055192364812
ENSGEXAMPLE191-rs000191	0.0518760069681547	0.365273357069132	0.0494444657450064	0.462404054391157	0.379227944311042	0.402284186150671	0.0445877334416722	0.0822665678920358	-0.165732170444516	0.1816370882493	0.1087839874665	-0.270778081622313	0.252579789908191	0.0458723412619742	0.104320168695601
ENSGEXAMPLE192-rs000192	0.0198643143823819	0.0295651872099789	0.15536279476917	-0.0977082793549744	0.193201192936802	0.142621290680434	-0.0352618430873683	-0.0267620050156726	0.0131195741338872	-0.131769479669935	-0.0704385227017673	0.270858574510572	-0.0611442224527077	-0.255403498190283	0.277174031234505
ENSGEXAMPLE193-rs000193	0.0180771999106197	0.00936972072079378	0.0107810169033592	-0.321026139682483	0.46119031883779	0.22732521721466	0.213036277196955	-0.231667977237239	-0.148424627365726	0.230032006504925	0.265480196652697	0.124568343864564	-0.257760167235947	-0.368847572788125	-0.183140866265216
ENSGEXAMPLE194-rs000194	0.0496207973021809	-0.0865713472930241	0.492601478717644	-0.197725231675646	0.320527214280894	-0.127878455558922	-0.0617648380347993	0.00427810079882843	0.0581971691544927	-0.131354678061612	0.00631286304066303	0.134825422418197	0.448678253214243	-0.107381843077623	0.0135813807180123
ENSGEXAMPLE195-rs000195	-0.0544271083251101	0.187139749206998	0.0641614258839799	-0.116821208064739	-0.120248299702809	0.187899812008792	0.0916672284973027	0.0163050812720064	-0.0440081022637068	-0.00868552983840394	-0.0593250428060944	0.0438581628542975	0.134412915410467	-0.185776178476751	0.0700160587593872
ENSGEXAMPLE196-rs000196	0.0888645484671672	-0.274510015648462	0.0300840382418057	0.221403663800416	-0.178443411102777	0.0299661419766723	0.512805528570034	0.451678303052915	-0.116213987653307	0.332335630223679	0.285087259873979	0.0351393983118729	-0.209707242268569	-0.217331122825442	0.0826831694253078
ENSGEXAMPLE197-rs000197	-0.0219138869785192	-0.190878308601223	0.0283512967982976	0.207672652284198	-0.329539331268889	0.466232393698988	0.0917884845453171	-0.237492169353798	-0.145324019582295	0.153370620967151	0.0968344566570475	0.0147553285207168	-0.302058873383881	-0.00990529233105358	0.113139655756295
ENSGEXAMPLE198-rs000198	-0.0764951658294192	0.344901841584066	-0.306282693548902	-0.0297759318918373	0.0666864441233677	-0.256079841564965	-0.0832381130637729	-0.221664689197394	0.227089731719251	0.116041275326771	0.120579741731354	-0.111770482460552	0.0655078370779385	0.0523597820963815	-0.0222531057593216
ENSGEXAMPLE199-rs000199	-0.0443481248990777	-0.0690589327213586	0.053905449679472	-0.131570187083717	0.26459940994059	0.0683980035754729	-0.37229914721837	0.344754113677897	-0.0975292302591469	-0.142789137948957	-0.0731195150076763	-0.132910162834061	-0.121721388911963	-0.15835589918083	-0.203228553528921
ENSGEXAMPLE200-rs000200	-0.0376528588692808	-0.018666839639747	0.0679992037826491	-0.351096122981707	-0.131616550078869	-0.0453229922737129	-0.232925312552548	-0.0876496892913996	-0.0488080685351016	0.132622485588555	0.202341576122184	0.215904010984159	-0.232839592954651	-0.190294842004566	0.0978267313978212
ENSGEXAMPLE201-rs000201	-0.039414457647308	0.179695684489036	-0.157942314322247	0.088668133395415	0.0616785477194198	-0.0477894683746995	0.282966264354327	0.124216751073795	-0.0657155555294597	-0.0244645135969927	0.23013272208429	-0.102585110323735	-0.484255083081118	0.0535191083193727	-0.0850860705740834
ENSGEXAMPLE202-rs000202	-0.136643658953818	-0.198438801890857	-0.321389028025517	0.02171508977264	-0.0815941832102824	-0.132002346462028	0.0250267488971906	-0.373489754713316	0.0611009360216908	0.131995633400481	-0.156152599292391	0.391805267340949	-0.261426279933968	-0.0507090841272547	-0.0221523357714953
ENSGEXAMPLE203-rs000203	-0.0545960155169295	-0.235170588562672	-0.136530070224014	0.0553123972064623	-0.207836820546659	0.075482777927604	-0.0147882176965001	-0.501730290345528	0.081648939906226	-0.226535540852713	0.0543491067716648	-0.375334793720619	-0.409619811172335	0.203251737037935	-0.0938623988590711
ENSGEXAMPLE204-rs000204	0.0981717841138363	0.153321782283143	0.276935849515987	-0.019484433226179	0.323236676046377	0.0477594972616323	0.148793293387428	0.288271096714561	-0.152254075073166	0.314957663578002	-0.0628337459051296	-0.0818855411712114	0.160858466910516	0.278304410455973	0.136197845383162
ENSGEXAMPLE205-rs000205	-0.0675988802479056	-0.100899384999272	0.00985424537166296	-0.225213666756733	-0.249396572115504	0.0152740663667318	0.021144604760614	-0.138291562803725	-0.182839674086796	-0.461894231734027	0.0267678411468125	-0.571930310817075	-0.298182060659267	0.155556755792101	-0.263088146247503
ENSGEXAMPLE206-rs000206	-0.0267049910360922	-0.0121525547077068	0.0805067042275057	0.082188300706185	-0.0211084273941926	0.167765798248591	0.0901745042811181	-0.376588476973971	-0.14617151402112	-0.133023096576733	0.257692335302783	-0.0266119670003249	-0.0813862964386478	-0.474942687431559	0.0536216547204298
ENSGEXAMPLE207-rs000207	-0.0166955275399086	-0.435278410793581	-0.447938755524995	0.185768065011321	-0.224867615324979	0.237721477795424	-0.0487403310837323	0.0936526451649424	-0.0931421193311763	0.259423094068257	-0.141878847482937	0.0821412691861304	0.319610121759371	0.0862640023484239	0.00348474838566134
ENSGEXAMPLE208-rs000208	0.0505153132222544	0.19633588600965	-0.0194121031046554	-0.653978455034367	-0.201493706146743	0.0874972609649719	0.0417598983206672	0.102841121076973	0.13591829270684	0.420110217995112	-0.166266528763272	0.0842987217834465	-0.402068556294242	0.106794864468856	0.0353240848442365
ENSGEXAMPLE209-rs000209	0.0534617937683173	-0.0113496057536511	-0.100159461315758	-0.150733538010521	0.0450772007373862	0.393312301069176	-0.0375421862233498	-0.242197175883093	0.155001771092417	-0.164193063812176	0.084116192210611	0.183652955084079	-0.303276069909638	-0.0340684524202499	0.246298582845251
ENSGEXAMPLE210-rs000210	-0.0173221493689063	-0.197929670969166	0.0193990945033333	-0.37161762549833	0.078804116996464	0.129975114969213	-0.435104017788574	0.443505015733831	-0.211617871010746	-0.187422327252393	-0.0721557651410574	0.0698636673859685	-0.557221319024197	-0.065233592281997	0.260897913871738
ENSGEXAMPLE211-rs000211	0.010062641952697	0.0574858205744162	0.00451332070561553	-0.148768765585853	-0.0421648981892973	-0.0544214726187977	-0.41873408919936	-0.125479551702298	0.388296909613314	0.166645530123986	-0.187387302992783	0.30498389349204	0.206059899733115	-0.272372684755299	-0.103454749657836
ENSGEXAMPLE212-rs000212	0.0486668833431152	0.415230403307359	0.372700649254632	-0.0999600509032883	-0.0818601120753481	0.186989310382014	-0.303985506765343	0.0328341727475405	-0.0389341056688182	-0.0459180648702543	0.0460533124400527	-0.304962993069649	-0.108742081613511	-0.35605913586234	-0.141766721179043
ENSGEXAMPLE213-rs000213	-0.0548709014609312	-0.226961419868136	-0.0955218538686207	0.100838015063664	-0.17052599567549	-0.165011091734417	0.101674520349783	0.151204153471032	0.00290951424263006	0.365964559389974	0.00737145764117718	-0.127619261717212	0.16143334311334	-0.0515961906458767	-0.312325299712917
ENSGEXAMPLE214-rs000214	0.00509835214780305	0.555404066170748	0.105961371222729	-0.231779271103048	0.0656276200981468	0.0326508938901236	0.0996405086435282	-0.0303450035881931	-0.126374329701535	-0.0723767168797753	-0.0710014613656581	-0.106721236895236	0.402143282576638	-0.0893267881975402	-0.248880438571535
ENSGEXAMPLE215-rs000215	0.0858176233679983	-0.0542789619186349	-0.101860291364894	-0.139032524528922	0.202850057907168	-0.0161647028881451	0.189195068309345	0.274178152574566	0.101228351033416	-0.535077901390159	0.482640513845297	-0.239698377214576	-0.281261894120227	0.156727718856942	0.00389235891463618
ENSGEXAMPLE216-rs000216	0.0249164094441835	0.419732241149609	0.0814058779800095	0.0258709780410257	-0.044852514989221	-0.0747294070215082	0.0139073262388641	0.134656399271412	0.0644739434272038	-0.0751384963475905	-0.0482351424335478	-0.135675271796485	-0.397713062665699	-0.0332974246549817	0.238937975856381
ENSGEXAMPLE217-rs000217	0.114193075329829	0.579177277284557	0.244783700013034	0.239987214538711	0.305092306937927	0.174385918876484	0.465519524070765	0.214641683927503	-0.0334753155975122	-0.0108872212866056	-0.0215755700581347	-0.243063518161019	-0.0953599583302525	0.371401784951941	0.228053457285904
ENSGEXAMPLE218-rs000218	0.174504285607784	0.302968127791557	-0.062277282316664	-0.0461393137606096	0.121697624124306	0.133777582065216	-0.0604808976795664	0.0181598060858053	0.13357702335424	0.0294789611045773	-0.367974918647593	0.26888584153769	0.0548188860383184	0.0798160963714691	0.46578790134889
ENSGEXAMPLE219-rs000219	0.116254310424072	0.520608163293565	0.0487244369306808	0.253152936337593	-0.220207209631803	0.400397738982667	0.000203297983891793	0.434799619820678	-0.233969716716271	0.356234357157143	-0.157841464260586	0.0904060996250088	0.175713066725193	0.270018498629218	0.107571550258063
ENSGEXAMPLE220-rs000220	-0.0376035470805202	-0.123267193272405	0.16588587298395	0.244275542467256	-0.17826649218959	-0.111498027922238	0.0446996462603681	-0.218432357593968	0.055235747986277	-0.222840394401469	-0.223113416946284	-0.0715000407808975	0.161709634247575	-0.0625578817678449	-0.283033064132077
ENSGEXAMPLE221-rs000221	0.110905731868587	-0.0933669389499049	0.438858811330425	-0.144897704940858	0.128719396459938	0.330450660140772	0.083437889729153	-0.330244038517688	0.129293163053012	0.143454608086212	-0.340741183302358	0.0393326631899304	0.317044122192973	-0.0456935211474852	0.0666953791303169
ENSGEXAMPLE222-rs000222	-0.0294747018575606	0.0631843823175631	0.207166536742614	-0.404162133384795	-0.165706122993246	-0.00812575792199684	0.0280340076779472	-0.201910550301154	0.251190104282161	0.399368806401967	-0.149997993913369	-0.459790923969949	0.177549475124186	-0.0860762221548547	-0.317024501818823
ENSGEXAMPLE223-rs000223	0.0351734310226999	0.357183223439711	-0.0605203889520635	-0.0225721224873898	0.102600755170836	0.0933472911246976	-0.340965380529644	-0.00372056107576259	-0.202709770394242	-0.0607877102548913	0.156504525849786	0.245479630942336	0.156529141442054	-0.178674571287548	0.269884553055699
ENSGEXAMPLE224-rs000224	-0.0203338991150943	-0.0146785204735006	-0.255805266789797	0.0538757438925558	-0.134275683611383	-0.19908850213491	-0.451827909709008	-0.103540678027121	0.301152372178271	-0.0433086433695837	-0.0450334200026933	0.165838180621838	0.215679137247989	0.228637833873534	-0.0248344098552345
ENSGEXAMPLE225-rs000225	0.0716886151553546	-0.087865722042678	0.209974544006155	-0.119163080368103	0.171203543242679	-0.190053786196346	0.2642690015836	0.388558758623633	0.34701407160842	0.00623797516527087	-0.206461242950985	0.0483277982700499	-0.0924592364353028	-0.0252236673840914	0.0704140886034024
ENSGEXAMPLE226-rs000226	-0.111655171371903	-0.220202317290313	0.201896656324415	0.46548483062486	-0.323729604900039	0.177461357490107	-0.14341769173321	-0.181298808492509	0.0312089933540501	-0.106896547112964	-0.226322108237263	-0.257642210726364	0.171195304667114	0.0314187325166397	-0.0607971244046804
ENSGEXAMPLE227-rs000227	-0.0541833997060234	-0.343975089086725	0.344677353792162	-0.251641308587233	-0.00867234149920956	0.05734834455766	0.0614807309306257	-0.118460826130698	-0.30092250742712	-0.12846534045612	0.0102064738019999	0.0717283165118401	-0.291939344686728	-0.104131155781604	0.0412697341219926
ENSGEXAMPLE228-rs000228	-0.084377070772498	-0.0293657659780078	-0.0430127422498393	-0.179711305826401	-0.11976320657016	0.0969829543136162	0.168700653343371	0.138169325473346	-0.241280996197745	-0.175396620549722	-0.219786455262748	-0.0719235347304112	-0.00507501035948102	0.0590974672022348	-0.489524631390379
ENSGEXAMPLE229-rs000229	0.0231968745067457	0.215393949230515	-0.106245455417747	0.308504939248466	0.635462154360762	-0.211247707132811	0.690640639316693	-0.189277964798466	-0.101830331987607	0.266039550930582	0.0375737965914565	-0.144861834850503	0.0611969810774052	-0.350264562620572	0.405216376499849
ENSGEXAMPLE230-rs000230	-0.00619478966261496	0.224396877188634	-0.29976777533372	-0.0126137514076952	-0.0138889700847312	0.126304956764336	-0.0589902993924464	-0.315341920499585	-0.0141905402707508	-0.0276101926350974	-0.0663944270185998	0.478960490882845	0.090410689449774	-0.286263108159299	0.293978628022439
ENSGEXAMPLE231-rs000231	0.0862629449860049	0.580073728376154	-0.456273313461926	0.386052802893399	0.172232754076447	-0.210305064673302	-0.181830051561129	-0.28178510149978	0.110720938786224	0.121009650055489	-0.112287115089085	-0.406336310008957	0.0215759597492327	0.191654690131829	-0.285881886285677
ENSGEXAMPLE232-rs000232	0.0656212496923902	0.123604982674325	-0.141946139978988	0.343338359924678	-0.173276434379731	0.11430336317975	0.129354953626773	0.227428210172608	0.24155833162014	0.0539087691889052	0.231902709193966	-0.14889024182921	-0.270056103497974	0.281526763611481	0.0141918878246659
ENSGEXAMPLE233-rs000233	-0.0372769590858252	0.211779500928341	-0.131781724716105	-0.0676278353248465	-0.140072143598067	-0.155072674552634	0.0954537736219882	0.184933809970867	-0.487542257787774	-0.0368168758983756	-0.0865376213411517	0.36394828628926	0.22175436676984	-0.259625237569608	-0.210575994026822
ENSGEXAMPLE234-rs000234	-0.0265297509020749	0.0242013919030094	-0.14527989233276	-0.208261147975315	0.187838002965733	-0.0766862237611991	-0.03303151304342	-0.220954245429102	0.0292197322609271	-0.0745891191529992	0.088644370839264	-0.114743266665378	0.000735170856202103	0.14910043453962	0.143636581047088
ENSGEXAMPLE235-rs000235	-0.121502752334628	-0.293232802944063	-0.326216589209911	-0.136549173466977	-0.259838783931626	-0.213278172385891	0.201755866364691	0.492945018429215	-0.0659800636652413	-0.0985721040201419	0.0634130458391996	-0.0707288373260065	0.168128820582996	0.04037906376549	0.112727250217478
ENSGEXAMPLE236-rs000236	-0.0391998007514733	-0.36157443306015	0.435702901735268	0.0291376965957334	-0.177238475842156	-0.101906339801579	0.23543717149305	0.0686140897189434	-0.295684897094424	0.00332150135587393	0.189376542960007	0.0387068541453635	-0.366931979886025	0.207254170013067	-0.120069589775055
ENSGEXAMPLE237-rs000237	-0.0912489827774692	-0.00297655647756836	0.0111516365838056	-0.16395947615227	-0.200639025387025	-0.243304721042537	0.253415395212906	0.0263707237431925	-0.102288089814024	0.237622119639565	-0.0207453593265031	0.331605983250465	-0.225546971489706	0.145139595337562	-0.171776068655749
ENSGEXAMPLE238-rs000238	0.136210054432931	-0.0514323263567699	-0.151661262489651	-0.0787173025726705	0.16816725294668	0.585571892193983	0.0982704532241565	0.169998106960607	0.169714039907213	0.0625286653009476	0.0767236593798737	-0.214223154600888	0.121990095960326	0.137832692824016	-0.142636773931796
ENSGEXAMPLE239-rs000239	-0.0601651776657061	-0.24278873807991	-0.228996305031618	-0.252718666742712	-0.00418621467695729	-0.460478466272725	-0.47127321268906	0.355414123854035	-0.186518659870067	0.324846403285165	0.567853353070433	-0.0208759030735023	-0.0850643682881779	0.248837955237027	0.216647896005656
ENSGEXAMPLE240-rs000240	-0.0517221327850153	-0.290667424484298	0.119332223448608	0.304528798575372	-0.257874656942031	-0.0246757204442173	-0.160155584478876	0.00816098032351967	0.141652044247102	0.0891786274773737	0.045951718198918	-0.0819154609750285	0.280201748972014	0.117392073946203	0.198605792105421
